"","probe","entrez","gene","pval.exp","odds.exp","pval.anthr","odds.exp.1","pval.expAnth","odds.expAnth","adjpval"
"1","201353_s_at",11176,"BAZ2A",0.0020064050962878,1.27853665791812,7.67953573984625e-05,0.247724634013581,0.000455270153941867,0.171143534556251,0.129900627925532
"2","201354_s_at",11176,"BAZ2A",0.0018826453539329,1.08043291460959,5.60457922691437e-05,0.258330250551503,0.000502112175820302,0.170932708761347,0.129900627925532
"3","208741_at",10284,"SAP18",0.00131405305395449,1.44243599411661,6.48444026296602e-05,0.202862969649231,0.000608050030884044,0.144684892748263,0.129900627925532
"4","204900_x_at",8819,"SAP30",0.00237422809317478,0.940767857756427,5.76408470079892e-05,0.351489291682883,0.000745484234866756,4.73325696879001,0.129900627925532
"5","212452_x_at",23522,"KAT6B",0.00503274643243612,1.19605767607659,0.000160143849314065,0.13717357793448,0.00127759079066292,0.107044126409146,0.13436913421031
"6","205448_s_at",7786,"MAP3K12",0.00628218343019693,1.20362479758083,0.00012959176582894,0.238627731799053,0.00148163165408111,0.197577920482199,0.13436913421031
"7","203358_s_at",2146,"EZH2",0.00756501964898115,0.916613363228191,0.000162610766841764,0.34311181241404,0.00204779185799453,3.90761358313316,0.13436913421031
"8","214496_x_at",23522,"KAT6B",0.00743129613536631,1.23128222052134,0.000209098484194814,0.145031372018702,0.00232135974700276,0.119686409411833,0.13436913421031
"9","212079_s_at",4297,"KMT2A",0.00961262802966101,1.13811554910333,0.000130057184872467,0.231255815287348,0.00232918307037155,0.23324675502392,0.13436913421031
"10","205447_s_at",7786,"MAP3K12",0.00977951539239874,1.08685116649874,0.000231392619767123,0.227448230541734,0.00250616749603161,0.19941830463991,0.13436913421031
"11","204899_s_at",8819,"SAP30",0.00679419559782335,0.993030705909184,0.000117780990508742,0.374882901100921,0.00293359104893065,3.71148118811804,0.13738656851452
"12","219623_at",79913,"ACTR5",0.00875682208526141,1.03577973256317,0.000188347517989462,0.271908576441124,0.00352098144675728,0.245984615644513,0.13738656851452
"13","202383_at",8242,"KDM5C",0.0139853238756109,1.11614094902986,0.00017826560079337,0.282151807121486,0.00361764374345508,0.229833110727155,0.13738656851452
"14","201643_x_at",51780,"KDM3B",0.0155602189677904,1.23799163530108,0.000167478197474868,0.341204370822737,0.00392391360783073,0.257503671245079,0.13738656851452
"15","215437_x_at",11176,"BAZ2A",0.0132116499280994,1.11827394509578,0.000143432830096102,0.266610772431048,0.00394222578233916,0.272401053380437,0.13738656851452
"16","216711_s_at",6872,"TAF1",0.0105527099776523,1.0033312187261,0.000195203316614823,0.263377107995673,0.00436189604900938,0.252207156714408,0.144773406959978
"17","41387_r_at",23135,"KDM6B",0.00747955251341581,1.40103386321651,0.000194998755415177,0.263046032745854,0.00478109694761686,0.214378313127977,0.151473844204043
"18","212076_at",4297,"KMT2A",0.00666672538873281,0.928685605293617,0.000284462556726872,0.237005251818697,0.0051788230428943,0.240746178404327,0.156940854821623
"19","211874_s_at",23522,"KAT6B",0.0199253176173765,1.20380305851926,0.000316301848870326,0.16609922404476,0.00575344665607613,0.16578840596279,0.162473831476798
"20","210053_at",6877,"TAF5",0.023382590857581,0.78418094060939,0.000204699836064859,0.360746014043087,0.00673294505778554,3.39934546986646,0.162473831476798
"21","212492_s_at",23030,"KDM4B",0.0239950621253857,1.2240531965024,0.000427036764919952,0.245336329240349,0.00690234815716373,0.243974200594902,0.162473831476798
"22","219084_at",64324,"NSD1",0.0164701507841725,1.32851025228404,0.000383909236914004,0.232697404538591,0.00692860024978614,0.220653443917526,0.162473831476798
"23","219847_at",79885,"HDAC11",0.0256038583137783,1.06871436990731,0.000238254024666151,0.213830409538258,0.00719636692155323,0.226693792557672,0.162473831476798
"24","212275_s_at",10847,"SRCAP",0.0174738288790253,0.965203185161528,0.000365995359750237,0.218730671906888,0.0077131654340864,0.21377129392761,0.162473831476798
"25","208067_x_at",7404,"UTY",0.0114040643382544,0.947250332664837,0.000211153018566113,0.263801449644868,0.00784502497826556,0.284733432279382,0.162473831476798
"26","218166_s_at",51773,"RSF1",0.0283587061560842,0.883195763904836,0.000194755041369121,0.525558211920566,0.00801822686637577,3.40738159394658,0.162473831476798
"27","212078_s_at",4297,"KMT2A",0.0192874798095914,0.987736503727329,0.000351102849283191,0.275556659911093,0.0084885264835457,0.256370728247731,0.162473831476798
"28","216023_at",23030,"KDM4B",0.0315372687812538,1.12825439162503,0.000293005004100122,0.239704645930195,0.00883978257499263,0.290671565999762,0.162473831476798
"29","212496_s_at",23030,"KDM4B",0.0318853126058207,1.16890768823188,0.000482066325743991,0.260785909889739,0.0088447188013957,0.251865460525927,0.162473831476798
"30","207138_at",5253,"PHF2",0.011997813930836,0.895607673881056,0.000298850690874652,0.199221021977292,0.0093089341976299,0.212656641100712,0.162473831476798
"31","209259_s_at",9126,"SMC3",0.0347884460461269,0.900430220798748,0.000212716274572977,0.298413870062147,0.00959069775423049,3.77134826419643,0.162473831476798
"32","202473_x_at",3054,"HCFC1",0.0317867704078065,1.07053680362486,0.000315860859635531,0.264720948084876,0.00973536955327892,0.26965619437446,0.162473831476798
"33","215616_s_at",23030,"KDM4B",0.0273569636308533,0.991923724320066,0.000477684598398143,0.202360218285353,0.00979038869731064,0.233138997359305,0.162473831476798
"34","205659_at",9734,"HDAC9",0.0353793677720858,0.81063664905948,0.000198472442926811,0.416194206840609,0.010330693189689,2.44276032920965,0.16494649774593
"35","219497_s_at",53335,"BCL11A",0.00631017363509856,0.585246689241046,0.000472320406935678,0.435960030382818,0.0105390961733312,2.8277193289038,0.16494649774593
"36","222093_s_at",83444,"INO80B",0.025591166447091,0.998164003223945,0.000347650291958601,0.286330146979234,0.0112275629125614,0.299278071197209,0.170121985870767
"37","41386_i_at",23135,"KDM6B",0.0282699954547306,1.2936145992165,0.000342379789933234,0.267953997351294,0.0120030682947742,0.2875880904737,0.174597981524643
"38","209584_x_at",27350,"APOBEC3C",0.00513299363386888,0.56793834092595,0.00042201733667302,0.390748279176357,0.0122159544251537,3.1020295213149,0.174597981524643
"39","201320_at",6601,"SMARCC2",0.0336511931916404,1.0221461666621,0.000343488692008953,0.293360608311831,0.0122744635505129,0.301960487098389,0.174597981524643
"40","201182_s_at",1108,"CHD4",0.0238387609696674,0.956029642669575,0.000399407051832057,0.242031320532459,0.0127655726839313,0.271091464438682,0.177877920419424
"41","207591_s_at",8289,"ARID1A",0.0492112323862435,1.12127847849632,0.000414906397855463,0.25450207998631,0.0146052978933227,0.282432053853228,0.187079756613278
"42","203418_at",890,"CCNA2",0.0444476537195427,0.986975300253407,0.000453879542572477,0.345028736306857,0.0147623911244337,3.02474856161905,0.187079756613278
"43","218663_at",64151,"NCAPG",0.000394636444836616,1.6682569336218,0.000395625246327524,0.285915106962284,0.0154184195671576,2.96508855468852,0.191904257826944
"44","202556_s_at",10445,"MCRS1",0.0185316752322688,1.53917300199149,0.000314266408565134,0.296417149732329,0.0162352049913409,0.337869635214751,0.197768331585528
"45","208901_s_at",7150,"TOP1",0.0468031401851073,1.32486467357511,0.000325622990038688,0.331891826217827,0.0175446201108385,0.347935720159579,0.20726441046194
"46","219746_at",8110,"DPF3",0.0612772871123877,1.12197561478227,0.000423546755800475,0.284061347603338,0.0182917362329748,0.313225337671187,0.212489002573057
"47","221863_at",54531,"MIER2",0.0244961586832586,0.919979620651804,0.000477132656383272,0.257644169973867,0.0198964325638711,0.33274482389563,0.22734120486915
"48","212495_at",23030,"KDM4B",0.0640075092307537,1.01551125303322,0.00067698239272429,0.230944598744978,0.0217518470578146,0.289847113426996,0.236891209364012
"49","218620_s_at",51409,"HEMK1",0.0718547908016263,1.09558184179169,0.000489023025468716,0.272633460566991,0.0223435622929495,0.337924405049524,0.239591737202858
"50","213654_at",27097,"TAF5L",0.0450661106354604,0.718071183012478,0.000358649948176248,0.38048222761388,0.0237888895895992,2.4039055854878,0.25122509157501
"51","213202_at",9739,"SETD1A",0.0590016092016968,1.2821429671119,0.000513648206678985,0.255348921097945,0.0245980362444955,0.333047235700135,0.255893003916617
"52","210878_s_at",51780,"KDM3B",0.0407892533860003,1.43024984573519,0.000421402588258513,0.372814072729069,0.0264302076559465,0.38066507211674,0.264570337869404
"53","212258_s_at",6595,"SMARCA2",0.0491644456557221,1.38898004865092,0.000548484203054644,0.316958214835074,0.0267793340487664,0.351433003040548,0.264570337869404
"54","208740_at",10284,"SAP18",0.0790842742340433,1.22146440552212,0.000482691963383464,0.315103411563491,0.0272896744323716,0.366194452936602,0.264570337869404
"55","214501_s_at",9555,"H2AFY",0.0852250483622418,1.19942267297278,0.000432324466677181,0.313963030480073,0.0277200430165063,0.376828527587855,0.264570337869404
"56","203347_s_at",22823,"MTF2",0.0823105346334488,0.788585403567701,0.000515952870494218,0.330613737154281,0.0278842926886054,2.4541100264723,0.264570337869404
"57","205070_at",54556,"ING3",0.0701823244167586,0.769367515040515,0.000454167000315642,0.322054048878641,0.0280892467752308,2.66670564323907,0.264570337869404
"58","204240_s_at",10592,"SMC2",0.0788583068446654,0.959146656758786,0.000636566271611239,0.359537983765037,0.0286096671882888,2.43763483876153,0.265879173736497
"59","208076_at",8360,"HIST1H4D",0.0801301645523129,1.00806042512766,0.00048911766036186,0.193333216374787,0.0300156938148025,0.266510637397732,0.271520007892651
"60","212152_x_at",8289,"ARID1A",0.00243931729706859,0.745032591851243,0.000561539088886676,0.332887906034442,0.031984003739034,0.383134183643615,0.278660632576334
"61","201355_s_at",11176,"BAZ2A",0.0683286288017674,1.24343977583423,0.00055210794544025,0.287346337088899,0.0324622790852443,0.328396790059457,0.279335907684139
"62","212462_at",23522,"KAT6B",0.0310698392637124,1.40527712399956,0.00078131437319473,0.249839492564914,0.0334825033848876,0.310005890571192,0.283650480569443
"63","201901_s_at",7528,"YY1",0.101770866012096,1.17651901753055,0.000525447123646994,0.335094533148726,0.0342873490641523,0.391879895489985,0.283650480569443
"64","210347_s_at",53335,"BCL11A",0.002253607839246,0.499601973763421,0.00125179925665309,0.462776658212075,0.0350340447330889,2.34133893566014,0.283650480569443
"65","211313_s_at",9031,"BAZ1B",0.106956326687066,1.10757571395496,0.000504476541956844,0.293684729422191,0.0354054401858559,0.400265443098101,0.283650480569443
"66","220083_x_at",51377,"UCHL5",0.104824859496706,0.922530807846346,0.000562692688766742,0.378214170910879,0.0372966530548928,2.29691872328212,0.295406445218867
"67","205277_at",7799,"PRDM2",0.0130131353690256,0.784297703533455,0.00061541207391913,0.277931557296553,0.0382199771356158,0.353653534557919,0.299318247904766
"68","213146_at",23135,"KDM6B",0.0128203727201067,1.54225704346975,0.000581098699271365,0.318002205341151,0.0397819033079941,0.37091215214214,0.308088740063021
"69","216955_at",6872,"TAF1",0.121909843252503,1.08625907231918,0.000583845184202403,0.304211752840461,0.0422481025737275,0.41305417082389,0.323592609822946
"70","213226_at",890,"CCNA2",0.0166287948713139,1.41987736293682,0.000721899288671612,0.329443769389306,0.0437619824861575,2.60268319085138,0.323928058988533
"71","209518_at",6602,"SMARCD1",0.111065292728652,1.00903632307445,0.000699284794467792,0.285605849041449,0.0446426351458596,0.335297289364474,0.324124132256918
"72","209062_x_at",8202,"NCOA3",0.117971616728889,1.02371643378605,0.000689868148032069,0.269426104690131,0.0454844574813091,0.359840864054653,0.325132293012433
"73","217937_s_at",51564,"HDAC7",0.133193812754332,1.07699951961757,0.000750662195034613,0.286095822548012,0.0463305379758506,0.404075353814484,0.325132293012433
"74","218621_at",51409,"HEMK1",0.131743950276047,1.04610960477085,0.000616177103900051,0.270014806203475,0.0463362257498708,0.361550415885135,0.325132293012433
"75","222147_s_at",79913,"ACTR5",0.134100401295811,1.07976092880783,0.000709715146604339,0.288951917919215,0.0466473878066619,0.379685188077859,0.325132293012433
"76","217250_s_at",26038,"CHD5",0.0624026492742509,1.25555520996945,0.00057168599828783,0.287628803643476,0.0477023210686618,0.408072372870807,0.326562246435671
"77","219498_s_at",53335,"BCL11A",0.00902070878574179,0.549079475675781,0.00100702079629833,0.454029303442003,0.0487627737627647,2.24162053597961,0.326562246435671
"78","219542_at",79858,"NEK11",0.135842816577334,1.19916634354991,0.000636333417920909,0.296733815013839,0.0490481779485733,0.401227653451975,0.326562246435671
"79","201459_at",10856,"RUVBL2",0.127799684519203,1.02556619679578,0.000765161571979034,0.29281127668244,0.0498578694437872,0.367180911058426,0.327839009455846
"80","213963_s_at",8819,"SAP30",0.120016775991957,0.754681384604699,0.000649189169919961,0.369283422827275,0.0510882473357164,2.32836084308472,0.329708411046244
"81","212922_s_at",56950,"SMYD2",0.101891397376458,1.0413614117974,0.000590471902755296,0.284022055800581,0.0518406426012885,2.71806510614847,0.330916064363666
"82","218662_s_at",64151,"NCAPG",0.0212564280524324,1.43338255701757,0.000695706293550535,0.311727918579494,0.0526996888728363,2.6529776223697,0.330916064363666
"83","209984_at",23081,"KDM4C",0.153547698123597,0.875621369440124,0.000631573566954757,0.312739175424389,0.0532858217442107,2.23404016496741,0.331609087104597
"84","52159_at",51409,"HEMK1",0.130824597671163,1.26121051055236,0.000755765764295702,0.313925015477001,0.055359417558231,0.416094800303131,0.336881480032618
"85","202928_s_at",5252,"PHF1",0.0589957032716758,0.875466926948999,0.00094028824446557,0.275638480629752,0.0555392550340243,0.355394861865646,0.336881480032618
"86","209060_x_at",8202,"NCOA3",0.0529645625083934,1.43458206356706,0.000550633165475989,0.330526702952772,0.056410898196564,0.414830097396664,0.336881480032618
"87","206846_s_at",10013,"HDAC6",0.15080156179106,1.21911848978694,0.000707886055738571,0.287552140004615,0.0565496889007407,0.402576244797515,0.336881480032618
"88","203796_s_at",605,"BCL7A",0.175181084424781,1.088811417806,0.000717834954548802,0.274836720817011,0.0624105573376365,0.352229343851335,0.365547550120442
"89","213253_at",10592,"SMC2",0.138061452963969,1.03332077100372,0.000976586114762368,0.367466365966516,0.0639318798316285,2.39916823823903,0.368929393298582
"90","212571_at",57680,"CHD8",0.14049775883341,0.997176888929055,0.000821575743299885,0.283639658101749,0.0641106705918991,0.383284092957387,0.368929393298582
"91","201697_s_at",1786,"DNMT1",0.0742639138764112,0.736025731477401,0.00105527743763778,0.352091525311011,0.064575876588848,2.39891482605804,0.368929393298582
"92","202484_s_at",8932,"MBD2",0.0413684214544314,1.18182065440507,0.00069367276428578,0.294109289757853,0.0670723523855563,2.36179735595272,0.372061560560112
"93","203793_x_at",7703,"PCGF2",0.108028785346086,0.902590874842709,0.000838979669017692,0.20725342856548,0.067259335194511,0.309347682091863,0.372061560560112
"94","220200_s_at",387893,"SETD8",0.0325632304737712,1.1855536651814,0.000900093268814794,0.348653690371613,0.0686467434907757,2.08505641960961,0.37674630089032
"95","205345_at",580,"BARD1",0.160829325002223,0.999797238004006,0.000854453219255924,0.343294249959234,0.0703017232399383,2.39179403071856,0.378092668066526
"96","202293_at",10274,"STAG1",0.194737488000456,0.892360024074594,0.000754246034707973,0.327393478513301,0.0705194359378025,2.22180588552328,0.378092668066526
"97","208987_s_at",22992,"KDM2A",0.089561560857993,0.898222369547897,0.000831405728659584,0.296184839497674,0.0721145769355792,0.372523780948388,0.378518907697671
"98","212916_at",23133,"PHF8",0.196719243698706,1.1092098738279,0.000799889410486254,0.283046918174151,0.0721911248825932,0.356750386244235,0.378518907697671
"99","208434_at",2122,"MECOM",0.160414867437543,0.80520851684618,0.00059575635066822,0.358251516493448,0.073865501423116,2.0456696030135,0.381977677067709
"100","202455_at",10014,"HDAC5",0.202364589593153,1.09940954486684,0.000806606202027882,0.278347866665496,0.0739841985712205,0.431451740101232,0.381977677067709
"101","201209_at",3065,"HDAC1",0.159451970946824,1.00401765768043,0.000837027524708711,0.331405376319041,0.0756461148453804,0.494778393811773,0.38328781255691
"102","210649_s_at",8289,"ARID1A",0.0347064496396959,0.823158536301197,0.00101530499839009,0.344379846410439,0.0758775726280825,0.426188686321981,0.38328781255691
"103","213551_x_at",7703,"PCGF2",0.161338500021459,0.953584650134467,0.000952821579934371,0.214428085287326,0.0777115524751362,0.32656399002941,0.389675914209856
"104","204535_s_at",5978,"REST",0.195772139024413,1.00728400804789,0.00103598217941236,0.272191090496902,0.0804647554026316,0.375348990586742,0.390012518659122
"105","212080_at",4297,"KMT2A",0.135820020292075,0.957404990157905,0.000987707929983928,0.341125163954753,0.0808806618976222,0.455865615205323,0.390012518659122
"106","214469_at",3012,"HIST1H2AE",0.140104128139521,0.77716470486198,0.000738304846162219,0.367114587314473,0.0809965479788118,2.09197175487814,0.390012518659122
"107","202545_at",5580,"PRKCD",0.0509785357535303,1.46036559902261,0.00084699262978849,0.321931756700367,0.0816955921438047,0.445599494416962,0.390012518659122
"108","212524_x_at",3014,"H2AFX",0.203911726709079,1.01745043715,0.000908484556833233,0.282657969714896,0.087429062062037,0.413328185681932,0.402996779091703
"109","220085_at",3070,"HELLS",0.210303287839605,0.830100722368741,0.000940285506977334,0.368548314420011,0.0883885374701241,2.150348455948,0.402996779091703
"110","203792_x_at",7703,"PCGF2",0.153658348393146,0.907785627541062,0.00117961098613395,0.199496235807398,0.0894234167562893,0.341109705260419,0.402996779091703
"111","213344_s_at",3014,"H2AFX",0.0974818164803973,1.37737004736551,0.000879099510403769,0.285085423978135,0.0896190828683128,0.413940549628199,0.402996779091703
"112","204632_at",8986,"RPS6KA4",0.243974740527415,1.07650820524041,0.000927211562006369,0.30753211030988,0.0946755413712194,0.431531562050345,0.419367692896387
"113","217095_x_at",9437,"NCR1",0.175724783716039,0.958408773871529,0.0008247343195662,0.285284450316356,0.0961260735989468,0.431473365328466,0.419367692896387
"114","211202_s_at",10765,"KDM5B",0.182255230158836,1.24892405673118,0.000946079522013865,0.317408021232666,0.0962680500192568,0.440139621919336,0.419367692896387
"115","209572_s_at",8726,"EED",0.253679505182185,0.94987562994344,0.000947316954778232,0.330017598294569,0.102247420244328,2.24542648230908,0.439248999572286
"116","206531_at",8193,"DPF1",0.16177647355649,1.25953974062665,0.000955164390713303,0.292344303058746,0.102722506356216,0.437282418966483,0.439248999572286
"117","205062_x_at",5926,"ARID4A",0.204666712733045,0.968367010659411,0.00094225056311048,0.316661977812946,0.105137084228369,0.465298930653985,0.444124531558625
"118","44822_s_at",54531,"MIER2",0.264902422327021,1.14708066444144,0.000938609909517107,0.304983284022969,0.107485408939993,0.462362138148077,0.451309217055272
"119","201548_s_at",10765,"KDM5B",0.279771624002369,1.11667696425822,0.00101538323871031,0.315020340514106,0.11048255653544,0.489079923907034,0.461115819791627
"120","219588_s_at",54892,"NCAPG2",0.271951825402432,0.92992089864275,0.000951711791737586,0.340199341661527,0.112868498745721,1.76993229389839,0.461163947044898
"121","203056_s_at",7799,"PRDM2",0.072446423183712,0.826181653103635,0.00118053668046902,0.273777594112706,0.113193923577489,0.411541336880797,0.461163947044898
"122","213660_s_at",8940,"TOP3B",0.224993273927716,0.982280704581101,0.00101453367364701,0.295413131460117,0.113363244419453,0.458873579068485,0.461163947044898
"123","205621_at",8846,"ALKBH1",0.203686200104844,1.27117844457711,0.000986909975818295,0.317862787145461,0.113543951664335,0.464777180445374,0.461163947044898
"124","221884_at",2122,"MECOM",0.155198935938302,1.08956143659907,0.000888157876694273,0.340249113519817,0.113947320190045,2.09412257913162,0.461163947044898
"125","207982_at",3010,"HIST1H1T",0.26674676660939,1.00488135509905,0.00111929063693594,0.22370463420812,0.114463935206266,0.369516058579778,0.461163947044898
"126","203461_at",1106,"CHD2",0.288057220007368,1.05768529255398,0.00105420619099983,0.318933593152295,0.117472241422759,0.465522999709046,0.466783461927272
"127","207168_s_at",9555,"H2AFY",0.116077095620913,1.36947782488607,0.000740514202811404,0.330487721699623,0.118762254912092,0.523097042952271,0.466783461927272
"128","204775_at",8208,"CHAF1B",0.193759362842168,0.778919618948539,0.000977593548603051,0.387704705346597,0.120290477986579,2.07302339763201,0.466783461927272
"129","210719_s_at",10362,"HMG20B",0.136183136021383,1.35509355357075,0.00123751473501377,0.324047051623195,0.126285657473144,0.489811117488785,0.481590872572106
"130","201321_s_at",6601,"SMARCC2",0.200645367432711,1.28703570628376,0.00102437120902876,0.333046295128235,0.127134462773698,0.488747060628146,0.481590872572106
"131","211783_s_at",9112,"MTA1",0.14270467800897,0.912499010314997,0.00094023420194278,0.326998428437783,0.127968092602304,0.525677309122918,0.482128435371924
"132","201183_s_at",1108,"CHD4",0.298342708342144,1.02200488292965,0.00105119820545641,0.325132267439208,0.132871871861958,0.491890682255171,0.490704723381958
"133","207647_at",9085,"CDY1",0.321877972266871,0.873455497455056,0.000913047222017682,0.342948886796927,0.13294796093325,1.67797864951837,0.490704723381958
"134","202487_s_at",94239,"H2AFV",0.300361069589035,0.987756416999504,0.00120084019824229,0.335191533148531,0.138775607857623,1.89273097943901,0.509087361456649
"135","200055_at",6881,"TAF10",0.318988235288086,1.14316583199943,0.00111757466055162,0.33040443495043,0.139958093689268,0.538442216094326,0.51032987143408
"136","201549_x_at",10765,"KDM5B",0.259292263221388,1.22163837521148,0.00110655260541426,0.322535802816561,0.141291721841224,0.504619192400668,0.51032987143408
"137","212722_s_at",23210,"JMJD6",0.0919038240817297,1.15522129293624,0.000769762923407358,0.321108580348518,0.14131085392651,1.747539136663,0.51032987143408
"138","203873_at",6594,"SMARCA1",0.154634713644731,0.753906287661457,0.000954685055228111,0.36315732823261,0.1437595458818,1.84762983210402,0.515015883514627
"139","215294_s_at",6594,"SMARCA1",0.102657325937723,1.16510826083652,0.00113449108643249,0.333310760923888,0.144234620616384,1.96026307133695,0.515015883514627
"140","211149_at",7404,"UTY",0.259878431153173,1.26032552861986,0.00109633465510595,0.306425823588845,0.144825126497657,0.498561482186289,0.515015883514627
"141","214396_s_at",8932,"MBD2",0.229800338071371,0.938405441294958,0.00134461713470935,0.293424618252778,0.147377144070104,0.495343462254777,0.521430809222652
"142","214239_x_at",7703,"PCGF2",0.336835208964464,1.15284040510962,0.00114208083869638,0.27977563522762,0.150548989058218,0.469984864171775,0.525767001572172
"143","214463_x_at",8363,"HIST1H4J",0.352091405198559,1.07995452372802,0.00112823630136438,0.308721984570608,0.150865710637639,0.525075238780748,0.525767001572172
"144","202474_s_at",3054,"HCFC1",0.074601482519642,0.809928579491289,0.00114927678625654,0.30130999961781,0.151909581036791,0.498887301697586,0.526771034739519
"145","209704_at",22823,"MTF2",0.142300851110937,0.723418537195316,0.00113796867018134,0.339273089910571,0.153270400810829,1.91242242039085,0.528858759233405
"146","214885_at",84148,"KAT8",0.298351983842823,0.96057600358452,0.0011745312575806,0.250182962834631,0.154936728756903,0.398252911434526,0.529367156586085
"147","40640_at",29781,"NCAPH2",0.365507613339708,1.08831454502867,0.00106756263104235,0.315692584767957,0.156252187562999,0.536330992012305,0.531257437714197
"148","214616_at",8353,"HIST1H3E",0.191548670865871,1.29950850588737,0.00129863387498141,0.292784767177059,0.158181639496473,0.511036264111864,0.534620483405347
"149","221862_at",54531,"MIER2",0.342567298992006,1.0032966247659,0.00106597586169677,0.296404987326868,0.165057185569318,0.525300802408377,0.547832658770546
"150","207728_at",55729,"ATF7IP",0.294871439987742,0.968724942552422,0.00138937307646869,0.310625549939577,0.168276486055793,0.518323508202573,0.555870667207999
"151","210559_s_at",983,"CDK1",0.0629619848754759,1.46719163899392,0.00132441611007894,0.311333289033037,0.171800012775448,1.94768057433585,0.563729664553596
"152","211790_s_at",8085,"KMT2D",0.0700733845173518,0.802730988855765,0.00134334992778296,0.297739492419033,0.172273197345647,0.527789227858912,0.563729664553596
"153","220139_at",29947,"DNMT3L",0.390708338609801,1.04875596562566,0.00116917928274141,0.314638592388632,0.174160128870392,0.532605770885051,0.567241167395623
"154","207226_at",8341,"HIST1H2BN",0.303859945655118,0.96781663119017,0.00128094038523807,0.297185083265569,0.175682728625536,0.535649365896568,0.569538892334877
"155","221820_s_at",84148,"KAT8",0.376927211608807,1.13871184698858,0.00130813677873665,0.293228343084222,0.180415473117992,0.484184307372107,0.57960200426816
"156","218173_s_at",54904,"WHSC1L1",0.271610259970532,1.26469014933086,0.00116465012133127,0.25719737039717,0.180449978373301,0.505611854299411,0.57960200426816
"157","207700_s_at",8202,"NCOA3",0.266057297165444,1.26230864778971,0.00107384446873615,0.334830471283823,0.185091181085241,0.543674098791755,0.584160936073063
"158","202182_at",2648,"KAT2A",0.416164913143481,1.06913448798991,0.00137298278942155,0.295849192504867,0.185553458924692,0.506583591093968,0.584160936073063
"159","206542_s_at",6595,"SMARCA2",0.31912134568379,0.814193285037911,0.00116542936489672,0.311280723375259,0.185699827254229,2.01686255533771,0.584160936073063
"160","201419_at",8314,"BAP1",0.340918452164374,1.1823809328927,0.00117764446483637,0.318290279215538,0.187670157331604,0.529314196774674,0.584160936073063
"161","204946_s_at",7156,"TOP3A",0.423642494990545,1.06650907641753,0.00124612139241931,0.293345955072045,0.19039883894309,0.519250606085119,0.587203498864309
"162","45526_g_at",79903,"NAA60",0.419575058792801,1.03091454207816,0.00112394689891493,0.312730533149564,0.192910685520984,0.543001979312101,0.592329285498352
"163","203138_at",8520,"HAT1",0.40121657933956,0.995188789957173,0.00117494093685688,0.292009314328614,0.196721937148755,1.88809856271573,0.594807863070086
"164","217707_x_at",6595,"SMARCA2",0.366680467453234,0.835512932901448,0.00109512232752296,0.318785456941885,0.197541320854056,1.97071073124715,0.594807863070086
"165","203214_x_at",983,"CDK1",0.117686022664265,1.35043535241685,0.00127949106817571,0.314736926230096,0.198981248680284,1.80388572807301,0.594807863070086
"166","203845_at",8850,"KAT2B",0.266690163575123,1.0866298997506,0.00114671917701648,0.309863864470311,0.199480629092974,1.86280960201602,0.594807863070086
"167","AFFX-HSAC07/X00351_5_at",60,"ACTB",0.409597756496295,0.994789734251535,0.00126637743221691,0.278293411892061,0.20138738204771,1.97067537852109,0.594807863070086
"168","203204_s_at",9682,"KDM4A",0.0481174171240422,0.73414468809326,0.00157899298332642,0.273013381961292,0.201726893541725,0.434358407321022,0.594807863070086
"169","212612_at",23186,"RCOR1",0.430162218006398,0.958985361586036,0.00119035199472306,0.315888947609805,0.202251741101306,1.73855801841028,0.594807863070086
"170","215781_s_at",8940,"TOP3B",0.333165336258203,0.948464331044661,0.00132270586793304,0.314768871378773,0.205087815244123,0.52607983783037,0.596237581065964
"171","213826_s_at",3020,"H3F3A",0.204550737696272,0.766804906135038,0.00136181541293023,0.343765884262274,0.206013660841247,1.71597568245518,0.596237581065964
"172","206544_x_at",6595,"SMARCA2",0.389875581343072,0.850611210584893,0.00122792826158558,0.329603210704868,0.206159622721517,1.83499301790958,0.596237581065964
"173","216684_s_at",6760,"SS18",0.429456908213623,0.875731787015158,0.00130253235303202,0.366112438014747,0.210942622484739,1.74303307450549,0.605049415110548
"174","208576_s_at",8358,"HIST1H3B",0.420144192348155,0.992382797465725,0.00129489267841221,0.395529580492794,0.215139945637146,1.72411139468591,0.613612031290971
"175","215631_s_at",25855,"BRMS1",0.446872211514707,1.10407934231377,0.00126637424094111,0.291039853818164,0.21692904301976,0.527628248346323,0.613612031290971
"176","201833_at",3066,"HDAC2",0.466035756667545,0.919475085665508,0.00128863198865625,0.34947724788718,0.21833766560471,1.83402428323714,0.613612031290971
"177","200853_at",3015,"H2AFZ",0.0874045027867791,1.36137382166581,0.0013309673775076,0.306639861990413,0.220780695842906,1.91096135047168,0.613612031290971
"178","208806_at",1107,"CHD3",0.175564997089539,0.850463685327082,0.00131715361532325,0.309641491711248,0.221391432712496,0.537541409965583,0.613612031290971
"179","200608_s_at",5885,"RAD21",0.421204393506711,1.01515006009782,0.00127726138005435,0.341230550360658,0.222057655609984,1.75886476098938,0.613612031290971
"180","213153_at",23067,"SETD1B",0.411201781874337,1.1509961429835,0.00123311123187864,0.327431327975564,0.222726077638126,0.555654068838252,0.613612031290971
"181","200607_s_at",5885,"RAD21",0.462411285392646,0.898325813627587,0.00126369875362786,0.342797773827574,0.222731483381084,1.72519758540779,0.613612031290971
"182","208551_at",8369,"HIST1H4G",0.0541161559180393,0.755703532764117,0.0012375546279797,0.284988549889668,0.225727987818655,0.55131853823682,0.614146842604941
"183","211106_at",8464,"SUPT3H",0.140737547104654,0.702789151648197,0.00164832891169142,0.358871701273852,0.226993723053413,1.73211946161471,0.614146842604941
"184","209705_at",22823,"MTF2",0.0174512941649192,0.699221833912057,0.00120711515874461,0.301953448607916,0.228533737584183,0.52472399743555,0.614146842604941
"185","203875_at",6594,"SMARCA1",0.0668041332511038,1.25891464285711,0.00142979154728284,0.336626933882821,0.228641979233325,1.70732187354236,0.614146842604941
"186","202816_s_at",6760,"SS18",0.476652280925974,0.97207339300069,0.00124077187181049,0.335302869341265,0.230502133444413,1.69002123593238,0.61496563913483
"187","209061_at",8202,"NCOA3",0.292667870714958,1.27242114589879,0.0012098498181331,0.336065366019426,0.231163554452404,0.594508121679205,0.61496563913483
"188","208807_s_at",1107,"CHD3",0.409646637470515,0.968255567975874,0.00124122790988412,0.326058303744095,0.233217043370562,0.564416821847238,0.618069502772934
"189","211808_s_at",1387,"CREBBP",0.387912107129727,1.19538667086315,0.00121800658524251,0.316788122048337,0.237284723236937,0.541946420598974,0.622927104614883
"190","208742_s_at",10284,"SAP18",0.496129951115198,1.07256619477638,0.00123972723971266,0.324899859785813,0.238187635921517,0.627167655198395,0.622927104614883
"191","210656_at",8726,"EED",0.49956801222395,0.93615151948265,0.00135643408534991,0.336780275131886,0.239557007751342,1.66011521474593,0.622927104614883
"192","211352_s_at",8202,"NCOA3",0.258281581386373,1.29726386742698,0.00108200106075973,0.332773319537908,0.240617516701525,0.582097680764963,0.622927104614883
"193","AFFX-HSAC07/X00351_M_at",60,"ACTB",0.297974516658916,1.11046096509977,0.00137056403463121,0.293898481816107,0.240928861336226,1.83717414765349,0.622927104614883
"194","214360_at",6597,"SMARCA4",0.494217848635049,1.03334089021695,0.0012715327135806,0.305343478313759,0.241871525222661,0.556013645958032,0.622927104614883
"195","203992_s_at",7403,"KDM6A",0.244947404493488,0.882318440758425,0.00166517788502207,0.363074675177473,0.242199778121425,0.545958082140539,0.622927104614883
"196","201072_s_at",6599,"SMARCC1",0.439808425733357,0.983557102271383,0.00138374197290592,0.319616058476137,0.24349108909615,0.549949791076858,0.623945915808884
"197","212689_s_at",55818,"KDM3A",0.479670327476853,0.997093778968023,0.00134749119547872,0.306042266369096,0.245354535768981,1.92945551653977,0.624419601117878
"198","40446_at",5252,"PHF1",0.177313857768884,0.829127390592153,0.00151984566474106,0.320050748457124,0.245467676766569,0.565105030007175,0.624419601117878
"199","202645_s_at",4221,"MEN1",0.160210644733525,0.838872006711738,0.00155649074314235,0.33179055755493,0.247485330070179,0.578285830915102,0.625704653555036
"200","203874_s_at",6594,"SMARCA1",0.143516697567993,1.1955291425036,0.00130536641231083,0.310858551117041,0.247768270274304,1.71035473643595,0.625704653555036
"201","214509_at",8354,"HIST1H3I",0.20388033674638,1.29589131266825,0.00130079721308674,0.314814792730586,0.256627759001471,0.582839700564457,0.642748725741784
"202","219528_s_at",64919,"BCL11B",0.339700128281423,0.78157712453777,0.00138530497322986,0.371684500800365,0.257217574166688,1.66372097149952,0.642748725741784
"203","219960_s_at",51377,"UCHL5",0.478497805436356,1.01372881620789,0.00136966155720131,0.336207187027187,0.257283923216582,1.68276948744672,0.642748725741784
"204","217058_at",2778,"GNAS",0.531333887357648,1.07399151159696,0.00136725198858034,0.308738058944328,0.260778279071934,0.592688030874936,0.64860024757068
"205","217218_at",23063,"WAPAL",0.480318806763918,0.990053535264307,0.00141010145711606,0.300731698255575,0.264033210493554,0.577848727484619,0.64860024757068
"206","208445_s_at",9031,"BAZ1B",0.395663176939642,0.826473102968219,0.0011810811758588,0.347947181587698,0.264579322971494,1.67846626974881,0.64860024757068
"207","211221_at",10474,"TADA3",0.418295133591932,0.962347991372792,0.00128771017244855,0.304618205885387,0.264669604629265,0.597719152634837,0.64860024757068
"208","203132_at",5925,"RB1",0.0180123797779957,1.67287094146165,0.00138837176094742,0.392244200368252,0.265443844456036,0.593611751914219,0.64860024757068
"209","213867_x_at",60,"ACTB",0.509444216427951,0.986945836569954,0.00135942731941341,0.295286322689849,0.267257145396882,1.6897726714827,0.64860024757068
"210","201075_s_at",6599,"SMARCC1",0.441119990883524,1.04398212761985,0.00139608328999397,0.324090979248942,0.267599002230645,1.75210576246375,0.64860024757068
"211","208577_at",8352,"HIST1H3C",0.510198214177786,0.861065393238043,0.00130603762963111,0.357436369439766,0.269992302322066,1.6641839785569,0.64860024757068
"212","212723_at",23210,"JMJD6",0.0505175107982456,1.2812053748254,0.000790096604961543,0.30214293507344,0.270795059582035,1.52009899208227,0.64860024757068
"213","214300_s_at",7156,"TOP3A",0.158810028674127,1.38768257280557,0.00107639868043918,0.324215598539218,0.270918345619116,0.596869360992989,0.64860024757068
"214","204742_s_at",23047,"PDS5B",0.411511858482753,0.936975236883478,0.00125198326476939,0.302710697856778,0.273724903620689,0.562355774050534,0.64860024757068
"215","AFFX-HSAC07/X00351_3_at",60,"ACTB",0.196066655916045,1.19392307879268,0.00142085060241226,0.295109146530703,0.27483956665749,1.77543635502695,0.64860024757068
"216","213209_at",10629,"TAF6L",0.0816771339503217,0.774145309144312,0.00198280193978384,0.317930276626407,0.276017657578791,0.575815310158988,0.64860024757068
"217","218599_at",9985,"REC8",0.158668740701057,0.794184083848009,0.00188214744842763,0.277061025953181,0.276325082809032,0.523712274286624,0.64860024757068
"218","209702_at",79068,"FTO",0.526257588058733,1.00253025984829,0.00155915868289569,0.295891967862829,0.276626675956435,0.550041124294855,0.64860024757068
"219","220605_s_at",22933,"SIRT2",0.459775898570125,0.953370238160354,0.00166235260719272,0.312036306118752,0.277180771197489,0.526524558204668,0.64860024757068
"220","220070_at",79831,"KDM8",0.467723980854493,0.971036921137872,0.00129251238819617,0.304693739672777,0.278400759805436,0.607168192078024,0.64860024757068
"221","213984_at",23244,"PDS5A",0.184528987983306,1.16581430377127,0.00138723044253164,0.33049200032392,0.278536207591477,1.56315902418078,0.64860024757068
"222","208900_s_at",7150,"TOP1",0.509338113337497,1.00702461630419,0.00129428955352817,0.351816285727002,0.279167968825257,0.639585087551791,0.64860024757068
"223","222183_x_at",53615,"MBD3",0.555858987296989,1.08386875987899,0.00148055551765303,0.309090256407588,0.280402085465766,0.585946109772622,0.649303168005445
"224","201184_s_at",1108,"CHD4",0.324031566831261,0.897840750001605,0.00195922774043644,0.344458019527375,0.289189656242183,0.603533276745351,0.667380442046643
"225","203249_at",2145,"EZH1",0.106072157151192,0.769146594891226,0.00208693289280082,0.329667544655981,0.291050480344244,0.605998520275624,0.667380442046643
"226","32259_at",2145,"EZH1",0.393844435571083,0.914682526666133,0.00171336918940745,0.324514953706597,0.291081283188206,0.611800731852646,0.667380442046643
"227","210322_x_at",7404,"UTY",0.232299475656063,0.856878968790742,0.00110914109319471,0.287210248363272,0.292883997583146,0.574167671759595,0.668143436128145
"228","202261_at",6944,"VPS72",0.468220228016878,0.835651085976962,0.00142214788621053,0.360440286433238,0.294289863545682,1.58970114242577,0.668143436128145
"229","200049_at",11143,"KAT7",0.579700952062677,1.08713873469214,0.00135083045588436,0.263899593670957,0.296572545925776,0.572479352119898,0.66896784631154
"230","215233_at",23210,"JMJD6",0.468453365708103,1.16828226357296,0.00128208240467564,0.301806757695098,0.301325900907964,0.617350020932251,0.671717609833315
"231","201663_s_at",10051,"SMC4",0.42765209941619,1.09992086098135,0.00130491173051284,0.340297885262127,0.302251329159106,1.61929729688332,0.671717609833315
"232","206700_s_at",8284,"KDM5D",0.586578099504146,1.06101897635284,0.00135362534321604,0.331318967659433,0.302774456964209,0.620307461407637,0.671717609833315
"233","204258_at",1105,"CHD1",0.0562305820506022,1.48629377688095,0.00139122207355658,0.331528095589397,0.303130297741878,0.595774323255678,0.671717609833315
"234","213494_s_at",7528,"YY1",0.526063397326003,0.984283169134056,0.00145525286447079,0.307833364815933,0.30357395566355,0.616394731313629,0.671717609833315
"235","206013_s_at",51412,"ACTL6B",0.02213820753423,1.2998916645452,0.00213663195586167,0.272636848970364,0.304590870307798,0.546827837608965,0.671834925963719
"236","205086_s_at",29781,"NCAPH2",0.262573721135293,0.747699672125527,0.00144142227703992,0.369497471618935,0.309912915701124,1.56172211702729,0.678197772913301
"237","204980_at",9575,"CLOCK",0.307356696993147,1.28449131364984,0.00190289132042265,0.32208216093967,0.310394676555729,0.624125498230051,0.678197772913301
"238","208861_s_at",546,"ATRX",0.165133780864786,1.22613485631726,0.00157357895186516,0.311237429413219,0.311586715295251,1.578435373915,0.678674814252469
"239","219126_at",55274,"PHF10",0.452500184563104,0.834505853849133,0.0017497922165115,0.338826450433774,0.313180403637924,1.64210216070722,0.680021001045586
"240","208859_s_at",546,"ATRX",0.582705451490045,1.01487468981752,0.00144479214162985,0.33458811822049,0.315156825527093,0.631276867952328,0.682187290038459
"241","213210_at",10629,"TAF6L",0.610378202186261,1.08700054911426,0.00138929782462471,0.31906590411334,0.320880306521585,0.630056657795917,0.686053906888174
"242","212237_at",171023,"ASXL1",0.612045506012771,1.03116901297642,0.00157094536506464,0.340626028322898,0.328726705018107,0.643498893817753,0.693101893453929
"243","218242_s_at",51111,"SUV420H1",0.492283769258059,1.1845922950305,0.00155314310031129,0.335841744001821,0.332155167393638,0.630570920745864,0.697325758052306
"244","213911_s_at",3015,"H2AFZ",0.0500614541972908,1.50184195059803,0.00180383434843456,0.325033163555513,0.334649170140954,1.66071156091456,0.69846643378509
"245","212234_at",171023,"ASXL1",0.5388016738529,1.16593037358659,0.00135615639906916,0.330071362175419,0.341089420596681,0.694838809272662,0.705953681860421
"246","220928_s_at",63976,"PRDM16",0.504875193535823,0.953450535744087,0.00140792738146023,0.307016268598228,0.341329111602528,0.641787817851643,0.705953681860421
"247","209053_s_at",7468,"WHSC1",0.377832770472708,1.27127361784483,0.00147118170183946,0.319821068404735,0.345336785909365,0.640464979256562,0.710028730910995
"248","221230_s_at",51742,"ARID4B",0.357695240304247,1.10461307128454,0.00139252221592512,0.315637656014664,0.346444802704215,1.44340920593913,0.710211845543641
"249","211022_s_at",546,"ATRX",0.53006230514088,0.953928010367474,0.00160227175780514,0.299622199943607,0.348589610046382,0.607188561849607,0.711996771519557
"250","215337_at",9862,"MED24",0.547070227024789,1.15769461123016,0.0015288024254092,0.322729092097764,0.350380046816654,0.640207103438217,0.711996771519557
"251","212789_at",23310,"NCAPD3",0.64779001729213,0.931421648442136,0.00166125480577439,0.339799123630571,0.353052902049196,1.52380697854581,0.715149899672729
"252","214644_at",8330,"HIST1H2AK",0.534271933844602,1.03410059282054,0.00147761877594732,0.351916723994223,0.354427266907352,1.47855384376505,0.715149899672729
"253","209954_x_at",6760,"SS18",0.424085219321987,0.81805618586737,0.00169982797418167,0.3669628104959,0.355951155946826,1.49877025533028,0.715149899672729
"254","220155_s_at",65980,"BRD9",0.300910438495691,0.856892553796458,0.00177012252175646,0.315942727138639,0.360163732062626,0.636133070300754,0.718326517356118
"255","217069_at",9757,"KMT2B",0.592541027560189,1.14834617426823,0.00166234576267144,0.309632909270619,0.36113720096862,0.636908120785914,0.718326517356118
"256","218878_s_at",23411,"SIRT1",0.0187645650128867,1.65093478830427,0.00197589672445442,0.341262009438627,0.366174684783024,0.635729935108354,0.725067486630022
"257","206160_at",10930,"APOBEC2",0.622058685983487,0.982426748132625,0.00154210368406016,0.308783136764484,0.368673808745359,0.623549078021159,0.726622756161942
"258","216361_s_at",7994,"KAT6A",0.667111988670152,1.07334194804279,0.0015130403023137,0.301683590787066,0.369045130102335,0.662101505685393,0.726622756161942
"259","212614_at",84159,"ARID5B",0.485581256648902,0.832996907692603,0.0014913108813478,0.316852423163799,0.371164820249617,1.51528818331248,0.727743793494303
"260","201292_at",7153,"TOP2A",0.0050316009034026,1.81486946105029,0.000724445293765696,0.297042286053248,0.371702712315598,1.45694173389834,0.727743793494303
"261","212672_at",472,"ATM",0.544008950647274,0.847118535432403,0.00156344207295611,0.341762558778126,0.373283046583953,1.54350474217009,0.728790709997242
"262","201774_s_at",9918,"NCAPD2",0.614477091333575,0.846754381541561,0.00201644631492615,0.370211125434619,0.377708889091902,1.49334828176068,0.7353717756901
"263","218457_s_at",1788,"DNMT3A",0.127894751110411,0.755229375377342,0.0014916214652817,0.288170965271064,0.380521762100685,0.622810861660008,0.738784591042277
"264","207158_at",339,"APOBEC1",0.514922376119409,1.13207142176563,0.00143288204559266,0.327027313742299,0.390682525947212,0.650530384744885,0.750138438158226
"265","201837_s_at",9913,"SUPT7L",0.589911448767768,0.853363783271483,0.00155181400073923,0.345345494285628,0.390864834387089,1.45729956730632,0.750138438158226
"266","217986_s_at",11177,"BAZ1A",0.138017604469026,1.27357513611605,0.0016417852796905,0.333891481013648,0.393450612577327,1.46180424975893,0.751112829926606
"267","202666_s_at",86,"ACTL6A",0.415112310981724,1.14004308843287,0.0015856122811434,0.349909248790696,0.394415058469351,1.49548274422281,0.751112829926606
"268","35685_at",6015,"RING1",0.190894461501498,0.790616005738903,0.00201185023173667,0.316412123179835,0.398740198234528,0.632313352449549,0.751497091709701
"269","209105_at",8648,"NCOA1",0.441293629898449,0.804676233561393,0.00167900249677988,0.330544868686324,0.399494340255248,1.50850319907643,0.751497091709701
"270","219841_at",57379,"AICDA",0.108829678263679,0.661470023257694,0.00164944443417003,0.370697410985302,0.400007777653227,1.46161081351497,0.751497091709701
"271","211989_at",6605,"SMARCE1",0.0593301518906081,1.52167764494821,0.000852230000362719,0.301753622744335,0.408321065712499,0.700796752206082,0.758723433002317
"272","215065_at",23133,"PHF8",0.238202733451914,0.836094497454307,0.00164477279437014,0.309134017864049,0.409114408495302,0.650839699848739,0.758723433002317
"273","213579_s_at",2033,"EP300",0.408754094522103,0.80678995612266,0.00172501440251605,0.326785979088791,0.40929300501244,1.48917735748875,0.758723433002317
"274","206506_s_at",8464,"SUPT3H",0.126504196624181,0.693695933688752,0.00167937271934293,0.354716092325861,0.412311803262396,1.45605170157945,0.758723433002317
"275","213719_s_at",6597,"SMARCA4",0.56988477441726,0.852586592382396,0.00139030031838117,0.340262454568249,0.413012772105867,1.45493197227036,0.758723433002317
"276","214500_at",9555,"H2AFY",0.119488580185655,1.43190366542322,0.00144296118129494,0.336887528688613,0.417254093865201,0.664997455062188,0.758723433002317
"277","209054_s_at",7468,"WHSC1",0.595730294405833,1.1821961298993,0.00147009491150252,0.320604983728914,0.419070654637022,0.705490380991139,0.758723433002317
"278","212597_s_at",10042,"HMGXB4",0.598911196242309,1.05053108637073,0.00163593787851468,0.336139522775817,0.421323649670568,1.45207463489406,0.758723433002317
"279","204566_at",8493,"PPM1D",0.275490352105831,1.18205214894591,0.00174276820649544,0.370490035776017,0.423177372777014,1.39340776542277,0.758723433002317
"280","215623_x_at",10051,"SMC4",0.27672627258373,1.20645252390923,0.00143370265908771,0.350934446900898,0.423717388787469,1.41125445849344,0.758723433002317
"281","220355_s_at",55193,"PBRM1",0.463616764778831,1.24198799621765,0.00136686885441295,0.337635486058591,0.42374882022629,0.676459411402969,0.758723433002317
"282","203991_s_at",7403,"KDM6A",0.662286473112401,0.969441170446648,0.00159176865580257,0.322885233188409,0.4245980171999,0.651038311280377,0.758723433002317
"283","216224_s_at",10013,"HDAC6",0.669620410149091,0.980145688722232,0.00167233436580372,0.323499306338117,0.425597475916646,0.66263429406534,0.758723433002317
"284","220619_at",55636,"CHD7",0.553086877986475,1.05623470709611,0.00156380330248929,0.361770632344456,0.426613585588423,1.37464752008058,0.758723433002317
"285","200047_s_at",7528,"YY1",0.687069125910216,1.09650739935238,0.00160060184543587,0.346182438974982,0.42764312137644,0.720876932706227,0.758723433002317
"286","215521_at",80012,"PHC3",0.445447418760489,0.891808562338399,0.00177104240963155,0.322111813768924,0.430214545602128,0.685990878452978,0.758723433002317
"287","212920_at",5978,"REST",0.0222364248909369,1.48739203089526,0.00170550064588237,0.321767409210611,0.430691186232854,1.48979364284873,0.758723433002317
"288","203213_at",983,"CDK1",0.0342834208171016,1.69025018371004,0.00217034148015427,0.32548004841976,0.431621258956671,1.46046186597369,0.758723433002317
"289","207956_x_at",23047,"PDS5B",0.435873853681184,0.88808299574562,0.00162684267367041,0.338080891072534,0.432174932982215,0.680854337889965,0.758723433002317
"290","211803_at",1017,"CDK2",0.604073598625771,0.953454957414706,0.00165322321121597,0.316467204749354,0.434486542695415,0.709773001873981,0.758723433002317
"291","201547_at",10765,"KDM5B",0.549846868495122,1.168593109594,0.00157237499193963,0.319902201728778,0.43654220813744,0.710089233176268,0.758723433002317
"292","218911_at",8089,"YEATS4",0.67963005098578,1.00832712983337,0.00159835842538703,0.359415935771478,0.437023060001975,1.30898283050552,0.758723433002317
"293","201589_at",8243,"SMC1A",0.0511579923462402,1.43808793014295,0.0016304647092068,0.333910721238653,0.437091127752808,1.46299104199749,0.758723433002317
"294","209806_at",85236,"HIST1H2BK",0.632367526464274,0.87400777971147,0.00141294321687824,0.331295754482056,0.438965833773767,1.40176454909577,0.758723433002317
"295","208579_x_at",54145,"H2BFS",0.60150556643879,0.865995715951612,0.00146638986966563,0.33535955772077,0.438999974929212,1.40780996482661,0.758723433002317
"296","212921_at",56950,"SMYD2",0.67608265607005,1.01410183030162,0.00152443763411525,0.335822893426238,0.439107928842616,1.36117998125293,0.758723433002317
"297","219339_s_at",79813,"EHMT1",0.660440903305763,0.971185698640593,0.00157573657709276,0.326619126293427,0.441042101888513,0.698941388913095,0.758723433002317
"298","201073_s_at",6599,"SMARCC1",0.736003740524931,1.01939233768125,0.00164208469318061,0.32314503919012,0.4421206485897,0.677343375334673,0.758723433002317
"299","203057_s_at",7799,"PRDM2",0.0102204492438247,0.653792959834046,0.00161919596838689,0.329571558644285,0.442594743402057,0.678525795156344,0.758723433002317
"300","212914_at",23492,"CBX7",0.129007225474625,0.737673501262878,0.00217023189682253,0.337075675532914,0.443042234192171,0.697720818941737,0.758723433002317
"301","201664_at",10051,"SMC4",0.2092200480875,1.31485439620251,0.00134554592379255,0.320246693623067,0.45062968590269,1.4370424138986,0.766210220852171
"302","209352_s_at",23309,"SIN3B",0.240640578331663,0.828291473618064,0.00176446596826441,0.320699243716832,0.451183143222329,0.718705801363748,0.766210220852171
"303","39705_at",23309,"SIN3B",0.168115784479852,0.797255803432679,0.00197281780348224,0.327806324213473,0.452338530633487,0.714153484061669,0.766210220852171
"304","209113_s_at",10362,"HMG20B",0.434428066534669,1.2304269129986,0.00186216899667546,0.329610225181865,0.455729962409188,0.728181852773661,0.766210220852171
"305","207484_s_at",10919,"EHMT2",0.737111124312899,1.00223709867174,0.00175410708298918,0.312001243626579,0.456927899882877,0.666423173797888,0.766210220852171
"306","218987_at",55729,"ATF7IP",0.657186341646441,0.955344353091547,0.00169529478661867,0.323361560999877,0.458574766832738,0.702173647291722,0.766210220852171
"307","201092_at",5931,"RBBP7",0.158918614901882,0.723124805271386,0.00190329380404664,0.360362728905733,0.460264310986793,1.50297116330215,0.766210220852171
"308","215888_at",23047,"PDS5B",0.734296705132645,0.999148536572957,0.00165158038341207,0.31473962470089,0.46085296300634,0.686055973515805,0.766210220852171
"309","218829_s_at",55636,"CHD7",0.488470266444677,1.11919505676744,0.00125597383498499,0.307678774636592,0.461592217584535,1.43301395714463,0.766210220852171
"310","218554_s_at",55870,"ASH1L",0.152600431120326,0.776058744599619,0.00161610166162163,0.309082766909748,0.463144393740684,0.694672006713087,0.766210220852171
"311","216326_s_at",8841,"HDAC3",0.186921204976742,0.814155738716267,0.00192282503760544,0.334623373088493,0.464544477756271,0.734807674669949,0.766210220852171
"312","203990_s_at",7403,"KDM6A",0.148041455229758,0.775053593593565,0.00192801357313366,0.313006330837053,0.465830214978294,0.690143946922186,0.766210220852171
"313","212206_s_at",94239,"H2AFV",0.684852872233179,1.03387227990037,0.0017822899351454,0.330024815611382,0.468112312379805,1.41284363433441,0.766210220852171
"314","217563_at",9575,"CLOCK",0.575364907300308,0.925847631704987,0.00172359264959787,0.327952639366694,0.468135689858715,0.705671862789583,0.766210220852171
"315","218917_s_at",8289,"ARID1A",0.420965194933188,0.880311556561199,0.00186168354553318,0.349877494772125,0.468141586248355,0.733658368634706,0.766210220852171
"316","200801_x_at",60,"ACTB",0.432986797972959,1.15838747794843,0.00173915885972531,0.308109160227868,0.468611990765612,1.46239860657653,0.766210220852171
"317","202116_at",5977,"DPF2",0.0306371993707418,0.698505879346849,0.00196544883325589,0.33748940385543,0.46939994878605,0.699858034031092,0.766210220852171
"318","208046_at",8359,"HIST1H4A",0.761471612524998,1.02246745330708,0.00165677591205005,0.325999823667865,0.470844346867786,0.725457246212552,0.766383647795043
"319","212287_at",23512,"SUZ12",0.434466985188584,1.10030465872664,0.00147100692163626,0.330487298640424,0.474772894768991,1.25739361887691,0.766962409058288
"320","206554_x_at",6419,"SETMAR",0.75614832578074,0.985649987601142,0.00165806572983995,0.355934198875768,0.475917620288461,1.37621369736429,0.766962409058288
"321","206724_at",8535,"CBX4",0.728059156262522,1.10542996868414,0.00182911226030902,0.305897260518097,0.476463017392021,0.703624827980112,0.766962409058288
"322","206014_at",51412,"ACTL6B",0.0536434419216433,1.35660323003079,0.00174315644516321,0.313267219782953,0.479122176600924,0.708234475704327,0.769465799748489
"323","217555_at",8243,"SMC1A",0.335670317461437,1.27675508601008,0.00166059787752482,0.325131504897267,0.481322564590278,0.726367183553708,0.771222591998675
"324","209911_x_at",3017,"HIST1H2BD",0.781913058125226,1.03750961352034,0.00165602777543006,0.327754509237716,0.483559265254916,0.736232906464638,0.773029375877698
"325","214994_at",200316,"APOBEC3F",0.398294551900754,0.792908279166426,0.00118937838361888,0.34159256297938,0.488724240116404,1.37949946004493,0.779498387554081
"326","203419_at",9757,"KMT2B",0.181226762548079,0.783005962787081,0.00301487567924408,0.34943574589675,0.491317636233295,0.714903784481726,0.781845644873531
"327","201827_at",6603,"SMARCD2",0.790083630220926,0.941160150147678,0.00161163147891874,0.360380558578292,0.496075703763894,1.34259185344044,0.787619055862037
"328","218131_s_at",54815,"GATAD2A",0.412701923017824,1.17054673818511,0.00198242137353177,0.35943222992802,0.502972384881631,1.34622043386284,0.796134077295283
"329","202485_s_at",8932,"MBD2",0.791623610844182,1.01829752818917,0.00166650970019455,0.323857990679847,0.504462973763974,0.734951069619339,0.796134077295283
"330","213965_s_at",26038,"CHD5",0.559321080179503,0.910457787742602,0.00178805759965694,0.318357282296763,0.504865512431155,0.732788280145384,0.796134077295283
"331","208583_x_at",8331,"HIST1H2AJ",0.599050100937484,0.923214616007257,0.0015005867969744,0.309884000438471,0.51028473680274,0.743753825975632,0.802863344360067
"332","212465_at",84193,"SETD3",0.713285197886047,0.958394555695044,0.00155494297416625,0.333980531671895,0.51346593854701,0.733009786765794,0.806049007133482
"333","204252_at",1017,"CDK2",0.809779969790184,0.953285080263738,0.00170893264304106,0.338608514882448,0.516906405645936,1.34923906437625,0.80962643760723
"334","204633_s_at",9252,"RPS6KA5",0.734999445935506,1.12546729628147,0.00187907217924288,0.342969369535024,0.521260138211236,0.731488825243971,0.812792653989332
"335","211804_s_at",1017,"CDK2",0.733161408048758,1.02821175837605,0.00178016450514529,0.345662524795879,0.524665593469351,1.29405120638669,0.815043005732237
"336","214861_at",23081,"KDM4C",0.61559952042283,0.847945520583935,0.00180417252748388,0.355221141611064,0.525042051038414,1.36927149306381,0.815043005732237
"337","209517_s_at",9070,"ASH2L",0.776335000058758,1.09798972996265,0.00167102728178448,0.305856246412752,0.532816544692451,0.739326873139164,0.822225348500712
"338","204635_at",9252,"RPS6KA5",0.736747051284141,1.12718432277936,0.00183514105622862,0.335755618626549,0.537678412963857,0.749851503097149,0.822225348500712
"339","209257_s_at",9126,"SMC3",0.726097273652267,0.892158551678707,0.00187556964505786,0.337532313360347,0.539001511172575,1.32064803784753,0.822225348500712
"340","214502_at",8970,"HIST1H2BJ",0.658847899753641,0.85000857910009,0.00146083626312177,0.370387425497875,0.540739473965184,1.35106627109739,0.822225348500712
"341","203155_at",9869,"SETDB1",0.780272940442344,0.980393497868363,0.00179885629267551,0.327118154385015,0.541221258948022,0.758753315082683,0.822225348500712
"342","217057_s_at",2778,"GNAS",0.746536982063194,0.977112046231144,0.00211061412750602,0.320778018036423,0.542603698057485,0.806044495976531,0.822225348500712
"343","213189_at",84864,"MINA",0.714266377715629,1.13859554867853,0.00152779036539552,0.347246997886772,0.54518077252265,0.732376607812287,0.822225348500712
"344","214299_at",7156,"TOP3A",0.578121871984509,0.90562715940626,0.00162726736719876,0.325023107406315,0.547269280940031,0.766609371225143,0.822225348500712
"345","212267_at",23063,"WAPAL",0.499301400174045,1.22766543202361,0.0019078611899136,0.342640193796113,0.547363790106643,0.744968403745714,0.822225348500712
"346","208989_s_at",22992,"KDM2A",0.534504038018017,0.874845169086879,0.0020645481475613,0.325300302881412,0.551254636511776,0.700359761454088,0.825020341645791
"347","205436_s_at",3014,"H2AFX",0.0890286100960197,1.66363882791753,0.00100292299130988,0.315853930817037,0.554488185492634,0.781025830363748,0.825020341645791
"348","207983_s_at",10735,"STAG2",0.835406477228878,1.05223822871147,0.00175969295766587,0.338982189307841,0.55470071034266,0.735479029238609,0.825020341645791
"349","202247_s_at",9112,"MTA1",0.824152097991573,1.07302286234182,0.00173055198682681,0.335483416901742,0.554777953030745,0.77391418410623,0.825020341645791
"350","220668_s_at",1789,"DNMT3B",0.487523968846539,1.24743918640827,0.00151984235461933,0.318910779395487,0.555142812384327,0.753254572722858,0.825020341645791
"351","203205_at",9682,"KDM4A",0.223606922053623,0.791466637063887,0.0017210912265998,0.311596071613791,0.559810830260671,0.752555795096631,0.829250136141696
"352","214537_at",3007,"HIST1H1D",0.216500843495241,0.782760320053275,0.00168219145991066,0.309863381243576,0.560368456417129,0.74175880195266,0.829250136141696
"353","220586_at",80205,"CHD9",0.793717957717254,0.899014959591532,0.00176736163602631,0.341648256320686,0.561836552647848,1.30371382001136,0.829661180499047
"354","217075_x_at",9757,"KMT2B /// KMT2B",0.849369242916602,1.03297523695587,0.00173457189303627,0.330185937212484,0.567817147274129,0.774963160188091,0.831531113422872
"355","209106_at",8648,"NCOA1",0.649241180103352,0.85358025696056,0.00175474351223548,0.332361398774668,0.56793212503586,1.29889449168013,0.831531113422872
"356","221248_s_at",54904,"WHSC1L1",0.830232555763445,1.07574194455175,0.00180941627532805,0.300048853543322,0.569721513761494,0.751763310021204,0.831531113422872
"357","203829_at",26610,"ELP4",0.544735343885293,1.12891190858,0.00165254923706304,0.344875643679095,0.573714968740817,1.30075624040532,0.834023409031843
"358","212140_at",23244,"PDS5A",0.0272340072050877,1.59578976395641,0.00193077785786533,0.355343748002534,0.575163118492083,0.754771146006852,0.834023409031843
"359","212167_s_at",6598,"SMARCB1",0.0514493936882975,0.656922520577078,0.0029347563288582,0.3511848912499,0.575559913549952,1.31248924834089,0.834023409031843
"360","218661_at",79903,"NAA60",0.848269620711099,1.0485157669895,0.001716187678934,0.327542608063858,0.577335838829447,0.77289238442435,0.834305232446123
"361","203199_s_at",4552,"MTRR",0.737340475126906,1.04774773998589,0.00161592847266745,0.334809985215161,0.578148389198676,1.25589029101478,0.834305232446123
"362","218395_at",64431,"ACTR6",0.796473354488554,1.10152070984846,0.00174589982297291,0.329709521988817,0.581401076869571,0.766782597845594,0.837265600367957
"363","208860_s_at",546,"ATRX",0.178888687691532,1.31475579273252,0.00169537571305456,0.325140028654432,0.583845332464717,1.305268472795,0.839051952016305
"364","219755_at",57332,"CBX8",0.662062515926777,0.917524684677527,0.00180985913750631,0.317054232340069,0.58854659703809,0.768254637764307,0.840394295375462
"365","219072_at",9274,"BCL7C",0.688395478133715,0.864503098295571,0.00155871568478527,0.348900265325845,0.591101970576565,1.28410197811441,0.840394295375462
"366","203080_s_at",29994,"BAZ2B",0.268654311552977,1.3648739724616,0.00168469793126214,0.347420197556863,0.591476674526835,0.747520700558553,0.840394295375462
"367","206893_at",6299,"SALL1",0.789607206160372,1.11959142091591,0.00168176402019293,0.315726580017285,0.591956449955842,0.789391160741019,0.840394295375462
"368","212138_at",23244,"PDS5A",0.197816871342233,1.34434314511784,0.00195280220948668,0.343282792567964,0.591994552790176,0.766754659064036,0.840394295375462
"369","212596_s_at",10042,"HMGXB4",0.798418010261489,1.03905921319552,0.00171283126013966,0.33575556316648,0.595225210314842,1.31545734931874,0.841231795370436
"370","203975_s_at",10036,"CHAF1A",0.301239470548413,0.779542174711801,0.00225945590539423,0.331389110781275,0.595676504108992,0.768213082075742,0.841231795370436
"371","202423_at",7994,"KAT6A",0.751194657471202,0.949919554617058,0.00173081771175354,0.322765321183254,0.598661806348451,0.801290516765336,0.841231795370436
"372","208793_x_at",6597,"SMARCA4",0.156625705416835,0.709289275602229,0.00147763813067547,0.345246646824609,0.600073029955351,1.28332808205053,0.841231795370436
"373","202463_s_at",53615,"MBD3",0.379404695897554,0.842973560935595,0.00203931431077764,0.334219019986591,0.601052272732392,0.786269680652336,0.841231795370436
"374","208371_s_at",6015,"RING1",0.203668853257912,0.770041952752751,0.00232407561965764,0.336303585044942,0.604140294601616,0.760257019289102,0.841358943515926
"375","209258_s_at",9126,"SMC3",0.590179878437575,0.841721624779445,0.00202402259095424,0.34759931698882,0.604256248489388,1.26216539017843,0.841358943515926
"376","218658_s_at",93973,"ACTR8",0.859998961704064,1.06968707028801,0.00174831421538735,0.323310374851406,0.60476446298634,0.771835006823174,0.841358943515926
"377","221618_s_at",51616,"TAF9B",0.42927150083978,1.17883979729805,0.00203491470837647,0.348429775120276,0.608699323113361,1.25682265873196,0.84289074863834
"378","208496_x_at",8355,"HIST1H3G",0.876966455200724,0.962526615170007,0.00173164934761239,0.348515767080468,0.609272863789063,1.23698090924764,0.84289074863834
"379","203795_s_at",605,"BCL7A",0.841140279916846,1.08631653719205,0.00173875103222587,0.32552204534854,0.610987630420601,0.762487146147125,0.84289074863834
"380","202817_s_at",6760,"SS18",0.268047591568742,1.19898933795463,0.00166588241971266,0.330634137499424,0.612403328446611,1.246210554982,0.84289074863834
"381","209052_s_at",7468,"WHSC1",0.879698200421721,1.02629250352831,0.00176879029363863,0.321404056318873,0.612859630514563,0.796100004521801,0.84289074863834
"382","211988_at",6605,"SMARCE1",0.156945949240831,1.37292866434031,0.00110236509480754,0.318490026186215,0.613121391046827,0.805934919666268,0.84289074863834
"383","202708_s_at",8349,"HIST2H2BE",0.880816157146473,1.03571286809692,0.00184769995655687,0.326607758007789,0.61610563320186,0.803611051830591,0.845326036105702
"384","204805_s_at",8971,"H1FX",0.797558447670727,1.10534759650879,0.00178168510635646,0.335009833415069,0.620798489821707,0.792541604844606,0.850091448734243
"385","215038_s_at",29072,"SETD2",0.825913454077624,1.03646454313035,0.00177262836606629,0.323128971887724,0.623963838878853,1.28590939985785,0.850843106663724
"386","214554_at",8332,"HIST1H2AL",0.806000966411498,0.910934100500869,0.00169740323150047,0.345794123229065,0.625237755070061,1.21374130607936,0.850843106663724
"387","218619_s_at",6839,"SUV39H1",0.664427526047876,0.887114266122636,0.00176889435905769,0.322904155630363,0.626230292279039,0.787072085005044,0.850843106663724
"388","214197_s_at",9869,"SETDB1",0.844853617916522,0.974248913302216,0.00188267084799432,0.323193797558274,0.630021393886929,0.794984832070126,0.854328621671575
"389","215989_at",84733,"CBX2",0.10876129376365,1.40753253399579,0.00146134959948863,0.324224447735308,0.635020772221167,0.789599504457797,0.857619520129219
"390","212238_at",171023,"ASXL1",0.356516986110471,0.826134462705513,0.00291975733350913,0.353957952597567,0.637913146796423,0.794828256745261,0.857619520129219
"391","203345_s_at",22823,"MTF2",0.208868001921626,0.726589790332607,0.00174172569819619,0.33829892420774,0.638225250870023,1.24757916675952,0.857619520129219
"392","214728_x_at",6597,"SMARCA4",0.120743812533063,0.732262561392303,0.00210953159097238,0.326530671431338,0.639444780196997,0.78817948599355,0.857619520129219
"393","219129_s_at",79685,"SAP30L",0.0623680244890756,1.47738499530108,0.00244843979213605,0.336912725129719,0.639738307677664,0.804088502895936,0.857619520129219
"394","213188_s_at",84864,"MINA",0.530000496979818,1.22594274505823,0.00155767186742495,0.345018178337509,0.641365222607415,0.784780233216348,0.857619520129219
"395","201291_s_at",7153,"TOP2A",0.0200982115269014,1.68799010722715,0.000934883444719148,0.313762403583372,0.642655681557556,1.20475724604414,0.857619520129219
"396","213009_s_at",4591,"TRIM37",0.798900072377508,1.04911381712295,0.00183290236912514,0.351280417154349,0.643419915499181,1.21945266349464,0.857619520129219
"397","218338_at",1911,"PHC1",0.576933206954281,0.872843992217186,0.00189269365643963,0.329923744393597,0.643522251115612,0.79644033991913,0.857619520129219
"398","212993_at",138151,"NACC2",0.0128981578147586,1.52692592900776,0.00271614805105613,0.34765161359054,0.646458967821471,1.2681813579432,0.859889123228178
"399","210027_s_at",328,"APEX1",0.28818112092567,1.31159472477453,0.00189360867539101,0.340716777758843,0.652169014428691,0.806209296843967,0.861714360955126
"400","209271_at",2186,"BPTF",0.828848395360465,1.03758334242314,0.00173541988244164,0.342952509836495,0.653473715277123,1.21295104117041,0.861714360955126
"401","203200_s_at",4552,"MTRR",0.55045073312063,1.22821004877701,0.00166326530886185,0.332183846392342,0.653991756222689,0.808736112291345,0.861714360955126
"402","212525_s_at",3014,"H2AFX",0.737789271068357,0.921966726501611,0.00196385884283845,0.332687301130845,0.654100098113602,0.822401890420744,0.861714360955126
"403","208572_at",8290,"HIST3H3",0.676124385251272,1.15998627914988,0.00176822979048785,0.326743435945614,0.654785397162624,0.790764681634997,0.861714360955126
"404","220946_s_at",29072,"SETD2",0.64185038321317,0.851053424775408,0.00178937053046557,0.345482944979326,0.655683312262771,1.21761252804039,0.861714360955126
"405","205446_s_at",1386,"ATF2",0.368251781617091,1.27896798689014,0.00158916052246816,0.323576788811541,0.657415825187921,0.812549370802266,0.861714360955126
"406","214426_x_at",10036,"CHAF1A",0.90789225632888,1.03271698753579,0.00181360885236859,0.326146692179484,0.660583686272937,0.825782226778324,0.861714360955126
"407","212615_at",80205,"CHD9",0.633219131056289,1.19054944195215,0.00166421118044424,0.333744333232875,0.660994996392363,0.803416864025787,0.861714360955126
"408","213211_s_at",10629,"TAF6L",0.902423386929891,1.05116115190326,0.00176703970938374,0.334978064417832,0.661048626171683,0.816280177887602,0.861714360955126
"409","202518_at",9275,"BCL7B",0.805641536039111,0.903804723958164,0.0015979488709339,0.340930758343067,0.662381267863388,1.21088807183822,0.861714360955126
"410","218659_at",55252,"ASXL2",0.401756681934753,0.837002369746397,0.00190686270975393,0.330700741401305,0.662666997807672,0.811881333182846,0.861714360955126
"411","215851_at",2122,"MECOM",0.791766068850997,0.938476364966602,0.00182925292095315,0.3191962655139,0.664289247971399,0.781742451673052,0.862215280886527
"412","212257_s_at",6595,"SMARCA2",0.296628270802257,0.768333672666417,0.00227336278307844,0.338480578609502,0.666662543362228,1.22534511366842,0.863687347069652
"413","203743_s_at",6996,"TDG",0.186374530477291,1.38829132754066,0.00187589858896187,0.343559526707609,0.671655878578727,0.804799452675584,0.864140507144414
"414","208575_at",8350,"HIST1H3A",0.612045523962911,0.831439510147201,0.00200722573850076,0.348247515351302,0.672553456749241,1.20253688372916,0.864140507144414
"415","221616_s_at",51616,"TAF9B",0.823129855113805,1.10773140493444,0.00184435068101763,0.331375089726004,0.674351930193901,0.822446918588603,0.864140507144414
"416","206689_x_at",10524,"KAT5",0.0360253039164469,0.662484992894488,0.00178991423438513,0.324927168594794,0.674938390776723,0.806565537861095,0.864140507144414
"417","213720_s_at",6597,"SMARCA4",0.404066376399593,0.832317504843314,0.00183367720890015,0.325519825027663,0.675256239382406,0.823016730487576,0.864140507144414
"418","211722_s_at",10013,"HDAC6",0.908127777408924,1.0068040969759,0.00180636766158282,0.326845260881005,0.675645525546603,0.828809597852689,0.864140507144414
"419","212307_s_at",8473,"OGT",0.428441509095638,0.839838871012925,0.00218860996786963,0.342249612813755,0.675690927394126,0.826461730456382,0.864140507144414
"420","214397_at",8932,"MBD2",0.627929553867204,0.882866447033612,0.00180550646422217,0.30523040332129,0.680160496781442,0.825836550448758,0.866187103282276
"421","217985_s_at",11177,"BAZ1A",0.812499000384294,1.05966110066977,0.00176040710658798,0.331861873313579,0.681304429698998,1.20761002095204,0.866187103282276
"422","209240_at",8473,"OGT",0.262145166758543,0.748368884110899,0.00231478978380506,0.339327111270591,0.682729611656192,1.18602994618982,0.866187103282276
"423","214562_at",8368,"HIST1H4L",0.88116592722249,0.931465045868717,0.00174463389216195,0.339906398344822,0.68304481989508,1.21078131537516,0.866187103282276
"424","206543_at",6595,"SMARCA2",0.615346857651261,1.19863236062923,0.00152890658984661,0.31638230810924,0.68802548444867,0.841450685394619,0.870333507551221
"425","208547_at",3018,"HIST1H2BB",0.919262397935199,1.01026473863507,0.00180860185575749,0.324636734687785,0.690169621763935,0.85554974097563,0.871464178205548
"426","204531_s_at",672,"BRCA1",0.00299206560713694,1.91695507703533,0.00121630944179696,0.323172618399203,0.696798213534926,0.83952303408165,0.878242956299898
"427","202521_at",10664,"CTCF",0.887000661429469,1.07546816568618,0.0017336588849699,0.337424479576295,0.706597503389482,0.829050637466307,0.887472311539065
"428","214540_at",8348,"HIST1H2BO",0.770464086048427,0.921754778021997,0.00165549530814213,0.310469250674723,0.710003562968773,0.830501251253523,0.887472311539065
"429","200981_x_at",2778,"GNAS",0.81019911877291,1.06481736920303,0.00177206964667209,0.334680948630339,0.710981386528773,1.19119574591163,0.887472311539065
"430","218996_at",29844,"TFPT",0.782757476135223,0.92933046694314,0.00166872149013708,0.316716518930261,0.711646067244057,0.838978349729299,0.887472311539065
"431","214157_at",2778,"GNAS",0.929073064511965,0.990705619533299,0.00186975783955823,0.34637858158295,0.711760433501201,1.17176032790573,0.887472311539065
"432","212520_s_at",6597,"SMARCA4",0.435125819785958,0.837618968779368,0.00188117989386261,0.328591285799331,0.723569914441032,0.853255981880102,0.897381192820995
"433","202040_s_at",5927,"KDM5A",0.675143770355052,0.893105007718716,0.00213557083446725,0.331290307110936,0.72635969796618,0.845957987448319,0.899241047038059
"434","204225_at",9759,"HDAC4",0.881072280826141,1.04006112858552,0.00180601595406416,0.33585733651157,0.738270614837126,1.16172097570229,0.909797669164403
"435","210371_s_at",5928,"RBBP4",0.944674900950133,1.02567679655788,0.00188184204783148,0.337934832314738,0.738802698345842,0.838565067531699,0.909797669164403
"436","212273_x_at",2778,"GNAS",0.838582321736276,1.06028903345663,0.00176709074562231,0.334931147130961,0.742035905201725,1.16597412205605,0.912167594225048
"437","209718_at",29781,"NCAPH2",0.284267235414746,0.790451130270045,0.00194945860989848,0.331194945750699,0.744330550991128,0.85891838503306,0.912960893714161
"438","208180_s_at",8365,"HIST1H4H",0.938909746956914,1.04396065241735,0.00201614297505848,0.320887594789265,0.747216641586602,0.865687414064417,0.912960893714161
"439","217088_s_at",9437,"NCR1",0.479342843640394,0.817549092739151,0.0013160701839301,0.331786850615107,0.747265509752787,1.15723810149586,0.912960893714161
"440","204099_at",6604,"SMARCD3",0.647741060096783,1.1720199786348,0.00170659546835472,0.331761737350506,0.749230460838594,0.855634661440414,0.912960893714161
"441","220007_at",79828,"METTL8",0.78732349186374,0.922322586849546,0.00201927305862015,0.333042903264242,0.751044031457859,0.866136273865541,0.91357362988853
"442","221151_at",56979,"PRDM9",0.0342685431565994,0.671518330486837,0.00162615446408809,0.326749981877542,0.753421242932001,0.867059126321267,0.914868652131715
"443","211540_s_at",5925,"RB1",0.482217149084333,0.836280782955708,0.00180263609281628,0.31881724416605,0.756613404082854,0.86222388567422,0.91714703068826
"444","220278_at",55693,"KDM4D",0.947895215713826,0.965681902166669,0.00182324359338781,0.345632544246841,0.758662288604484,1.15126632476276,0.918034054092579
"445","219753_at",10734,"STAG3",0.0779382414567533,0.586063312232798,0.00282448955354175,0.375807958057596,0.76311006626982,1.16835538944052,0.92181579928954
"446","212205_at",94239,"H2AFV",0.329687881931484,1.25083863149275,0.00245575348980842,0.339330211802321,0.76554024190378,1.16333817261827,0.923151468178088
"447","214754_at",200424,"TET3",0.58272574231761,0.85873186941772,0.0018634710609664,0.325907052694738,0.76847785065014,0.863770722827184,0.925093371162604
"448","220936_s_at",55766,"H2AFJ",0.859873227784401,0.941645274127318,0.00196174349041678,0.32230813966959,0.770929484517741,0.875902321675122,0.926444570187699
"449","211987_at",7155,"TOP2B",0.375765985245991,0.792335147439103,0.00192050767007412,0.33334483756133,0.77361134050839,1.15195257526395,0.92806730522263
"450","215698_at",5927,"KDM5A",0.172260456971389,1.26852767852155,0.00172013412517869,0.34550918035875,0.777118844760041,1.13468590282331,0.929464351497244
"451","218445_at",55506,"H2AFY2",0.890035203827972,0.955604482156989,0.00182446009972925,0.329927282469324,0.777442922414481,0.871813681735031,0.929464351497244
"452","217836_s_at",55249,"YY1AP1",0.788444819545886,0.885439076298822,0.00188957607804185,0.339602298946411,0.783517295372882,1.13547163217818,0.931587559578072
"453","204898_at",8819,"SAP30",0.539220036390094,0.813949474956765,0.00134094911941085,0.329663576382796,0.784617327912821,1.13680401277327,0.931587559578072
"454","214548_x_at",2778,"GNAS",0.743473449741251,1.10360918274015,0.0017192661886587,0.330826908489525,0.786262982886605,1.13437488742225,0.931587559578072
"455","202294_at",10274,"STAG1",0.797142058892583,0.886038405547467,0.00179684969962512,0.333275491486362,0.786878403571684,1.11428837834703,0.931587559578072
"456","202414_at",2073,"ERCC5",0.346913211156225,0.775158076109508,0.00187277658978569,0.335111982564939,0.787370445330032,1.12599683150343,0.931587559578072
"457","210249_s_at",8648,"NCOA1",0.198577906149563,0.733391208768234,0.00180803347166403,0.332318499301876,0.787928492655354,1.13146717716657,0.931587559578072
"458","202303_x_at",8467,"SMARCA5",0.768875097098282,1.13386109830463,0.00177181627795575,0.339879516020105,0.788574835223906,0.885688803340739,0.931587559578072
"459","201074_at",6599,"SMARCC1",0.49899071887639,1.16938865531096,0.00175197819533179,0.330576076625886,0.790322094077967,1.13223030233983,0.932071911289921
"460","202221_s_at",2033,"EP300",0.965353134095453,0.978684395279415,0.00187552970780869,0.329639098099112,0.794180683464872,1.15730229647001,0.932748489736747
"461","208886_at",3005,"H1F0",0.966502545136155,1.01077997725812,0.00188937869470429,0.338571407236903,0.794528784882714,0.876614421644516,0.932748489736747
"462","213859_x_at",8467,"SMARCA5",0.646071412441375,1.13149921037251,0.00167826093189871,0.335347048601258,0.79772942067748,1.11961220850565,0.932748489736747
"463","214481_at",8336,"HIST1H2AM",0.718047824474224,0.868836451760992,0.00157202737114503,0.34397865886051,0.798482772816944,1.12171524549313,0.932748489736747
"464","208553_at",3008,"HIST1H1E",0.53083285914741,0.816050849899522,0.00170085016147747,0.346304293779794,0.798898176199226,1.12841975162196,0.932748489736747
"465","221212_x_at",55193,"PBRM1",0.0286524654337872,0.656564999058705,0.00439144096611799,0.36347152095285,0.798925177005506,0.888074771036002,0.932748489736747
"466","207563_s_at",8473,"OGT",0.271532891781565,0.77119624818399,0.00239082935136192,0.341778830962503,0.803548098419018,0.88327823722978,0.935106781599119
"467","209023_s_at",10735,"STAG2",0.458523418832676,1.2470229711691,0.00189635291077928,0.340397859393091,0.80454412603083,0.884407865063965,0.935106781599119
"468","209189_at",2353,"FOS",0.371854231523951,1.25506777743549,0.00158135811869264,0.329948209884107,0.804969969812728,1.1261337736755,0.935106781599119
"469","218788_s_at",64754,"SMYD3",0.516578010255871,1.20680798568395,0.00226012929563901,0.334883935152994,0.807279846873218,0.888851366625711,0.93576601749373
"470","205215_at",6045,"RNF2",0.246544918037722,1.34418071514139,0.00236770185475632,0.339767360098188,0.808393434278481,0.89175819995473,0.93576601749373
"471","208988_at",22992,"KDM2A",0.666934719952102,1.15410255605479,0.00170776654240701,0.331629289600375,0.809565148563442,0.88477626428973,0.93576601749373
"472","203183_s_at",6602,"SMARCD1",0.0566067064967808,0.669207725503517,0.00267221001467588,0.345819986607382,0.818096934149467,0.899004591542505,0.938196863584012
"473","208515_at",8342,"HIST1H2BM",0.948598374268331,0.979346290200664,0.00188240212052693,0.33256880394938,0.818415155332186,0.904888535945175,0.938196863584012
"474","211851_x_at",672,"BRCA1",0.482347832627791,1.24808102971512,0.00203466775850558,0.334082724241807,0.818816464438904,0.899629800758955,0.938196863584012
"475","221094_s_at",55140,"ELP3",0.846180971685414,0.905192944486341,0.00183930549420763,0.34008073360026,0.820365608024396,1.11218564397209,0.938196863584012
"476","209107_x_at",8648,"NCOA1",0.0428343775348492,0.6570954518493,0.00182212669997339,0.331156412778999,0.821756879786401,1.11099229941846,0.938196863584012
"477","217301_x_at",5928,"RBBP4",0.630842069956696,0.868260593930727,0.00187956993458904,0.330876999838426,0.822270913436266,0.894824085418565,0.938196863584012
"478","221633_at",29781,"NCAPH2",0.109774227489109,0.707436921815113,0.00150249129757196,0.340132041265816,0.822436561907936,1.11982141011948,0.938196863584012
"479","210858_x_at",472,"ATM",0.205915745756071,0.736452146128073,0.00241331282568313,0.346377554416443,0.825025043729093,1.10639320266901,0.939611855358134
"480","209463_s_at",6883,"TAF12",0.971232397508708,0.968661262791838,0.00184789204053781,0.335990616671874,0.828672865009636,1.10769105416329,0.942226732319276
"481","201902_s_at",7528,"YY1",0.947404325775891,0.97241461649599,0.00203607199733058,0.335788112737012,0.835611507260556,0.904670537526885,0.946714977387972
"482","200780_x_at",2778,"GNAS",0.857738975941692,1.06916108414492,0.00179913067307857,0.332346456588802,0.838232132621555,1.09637810663581,0.946714977387972
"483","208527_x_at",8344,"HIST1H2BE",0.872518800579274,0.9175634022869,0.00175853428207651,0.338103615145673,0.838963146251882,1.09364368210572,0.946714977387972
"484","220594_at",8473,"OGT",0.119279305370548,0.717891569432111,0.00204579287539219,0.331323603346919,0.839411558143137,0.913602462788336,0.946714977387972
"485","216433_s_at",7799,"PRDM2",0.846122349342021,1.10157358787281,0.00189873051522838,0.332732505393477,0.842119551035539,0.918057574386175,0.94823477717572
"486","202326_at",10919,"EHMT2",0.745682082217243,0.866751130406213,0.00220466992988866,0.341179350731036,0.844426672563943,1.10118302136909,0.949299017382368
"487","219262_at",79723,"SUV39H2",0.848037838271676,1.09344518233514,0.00209139976571926,0.331921258304719,0.852856838433578,0.920758360615499,0.952694909422864
"488","213966_at",10362,"HMG20B",0.977433845106246,1.0263413784305,0.00189583351598455,0.333126014908416,0.853812081848231,0.915450348301099,0.952694909422864
"489","204880_at",4255,"MGMT",0.422514317638063,0.792689439937416,0.00174060309301249,0.334938431249491,0.855049869874123,1.08281625107197,0.952694909422864
"490","215714_s_at",6597,"SMARCA4",0.155591298576796,0.733837102986078,0.00207839462085946,0.334880484445946,0.855689605336302,0.91047412432491,0.952694909422864
"491","215917_at",642636,"RAD21L1",0.895735805413686,0.947270163058884,0.00186929009231507,0.331744230374928,0.856715305491996,0.927076185314106,0.952694909422864
"492","211858_x_at",2778,"GNAS",0.960270045962049,1.02399794874482,0.00184726364266474,0.333029415792988,0.857015363282835,1.08618083600203,0.952694909422864
"493","222053_at",10629,"TAF6L",0.807798670586089,0.916956171862429,0.00178114180778266,0.330480954318928,0.86525713696517,0.921564565718727,0.958798449069513
"494","203297_s_at",3720,"JARID2",0.973426822257532,0.963800857138502,0.00192936096860474,0.338467998350667,0.867243314305641,1.08744983610192,0.959473952493701
"495","208569_at",8335,"HIST1H2AB",0.856635159879261,1.10047981143719,0.00198428989127997,0.333059818968352,0.871266663553468,0.927812537420416,0.962397566555891
"496","201836_s_at",9913,"SUPT7L",0.450009926136962,0.817659880236819,0.00213698098659454,0.338786948679958,0.875375415566591,0.930092698990574,0.965406114952396
"497","203298_s_at",3720,"JARID2",0.978579471310822,0.985755561538204,0.00195639251985891,0.336628277678618,0.878465936736896,0.923092520341687,0.965672401291879
"498","214865_at",84444,"DOT1L",0.945717205180086,0.961245481480849,0.00184994833493735,0.332437953827151,0.881886640007632,0.928529505098764,0.965672401291879
"499","209398_at",3006,"HIST1H1C",0.824457852196006,0.904466459019888,0.00166382583391034,0.337508163404261,0.883629785528611,1.06934569940613,0.965672401291879
"500","214139_at",51742,"ARID4B",0.600675583699769,0.849290584158535,0.00183385804052671,0.336401040394016,0.883753062256844,1.07066809902929,0.965672401291879
"501","209022_at",10735,"STAG2",0.924032782688928,0.9333551305517,0.00194945731417573,0.335622932572661,0.888626457893154,1.07554924408326,0.965672401291879
"502","213251_at",8467,"SMARCA5",0.886247354774761,1.07038870311243,0.00190467544881379,0.332953626676899,0.889001476669593,1.07320194180896,0.965672401291879
"503","207860_at",9437,"NCR1",0.464715660969174,0.797238586831729,0.00199222395913456,0.342106474984075,0.8899926845106,1.06556788840626,0.965672401291879
"504","221582_at",92815,"HIST3H2A",0.800703280259288,0.90225307776121,0.00171420679733747,0.333572527805703,0.893199340354415,0.938723258244775,0.965672401291879
"505","221778_at",80853,"KDM7A",0.31862669685537,1.28858580713569,0.00155894367135101,0.332301983393317,0.894753209808872,0.939864127602449,0.965672401291879
"506","220328_at",80012,"PHC3",0.182448813965793,0.741504499104711,0.00154153677993918,0.333240738421694,0.896171285540745,1.06368046476115,0.965672401291879
"507","201614_s_at",8607,"RUVBL1",0.767755029956398,1.14185569634296,0.00174364170903674,0.331546799599484,0.897632121200356,0.947372996632112,0.965672401291879
"508","216624_s_at",4297,"KMT2A",0.866704061935636,0.91802879563676,0.00199200349258066,0.338753582967499,0.897753899243741,1.05473215915078,0.965672401291879
"509","215071_s_at",8334,"HIST1H2AC",0.973656080304518,1.02314336831971,0.00202152772260167,0.337369851104241,0.900240196274588,1.05956290112684,0.965672401291879
"510","208794_s_at",6597,"SMARCA4",0.804890929745129,0.911144762945464,0.00198102309577541,0.336358532448339,0.900452613545743,0.941769499737163,0.965672401291879
"511","214258_x_at",10524,"KAT5",0.0870983713318526,0.697064654489759,0.00130265999721835,0.321849836674406,0.900555324016817,0.939752191324431,0.965672401291879
"512","208484_at",3024,"HIST1H1A",0.991974681110092,0.99918483359411,0.00192901389317468,0.336139620524158,0.90216854701008,1.06909338437519,0.96591624772047
"513","205169_at",5929,"RBBP5",0.115775513123552,1.38584465729613,0.00186724355006096,0.337306865510788,0.904238621405941,1.05667281021774,0.965984354833658
"514","215273_s_at",10474,"TADA3",0.808423566168919,1.11587392645117,0.00206565310850626,0.335963664272102,0.905904208467423,0.946572852436697,0.965984354833658
"515","213983_s_at",23244,"PDS5A",0.552423074590205,1.16050882872931,0.00178836827303386,0.336642899762506,0.906389911135168,1.04829216150402,0.965984354833658
"516","213028_at",4798,"NFRKB",0.381045925790189,0.811314299328009,0.00207323416286131,0.33647420580419,0.907959729029762,0.948231597348722,0.966180047532434
"517","212616_at",80205,"CHD9",0.903041301692513,1.08603049833401,0.00188337176434195,0.335274632196262,0.9105815281204,0.946107154299147,0.967492873627925
"518","212949_at",23397,"NCAPH",0.952002859002909,1.06908015358029,0.00184581560969299,0.335647036873551,0.916070598139299,1.04949329200832,0.970525859995006
"519","208546_x_at",8345,"HIST1H2BH",0.991390558562542,1.00635789798488,0.00191944132566835,0.337804296475181,0.916549386898996,1.04957349056694,0.970525859995006
"520","203346_s_at",22823,"MTF2",0.120789169005141,0.696809963474451,0.00278007948540615,0.346187470247108,0.922952941961172,1.04928333353878,0.970525859995006
"521","217673_x_at",2778,"GNAS",0.849272548029445,0.915272952129669,0.00223977128389574,0.341540593599829,0.923495993772523,0.956729604641147,0.970525859995006
"522","211310_at",2145,"EZH1",0.132245097291353,0.707666020645362,0.00222122048992157,0.342723310599255,0.92361701814616,1.04264123963036,0.970525859995006
"523","208828_at",54107,"POLE3",0.492122120443075,1.225853158858,0.00227891490479237,0.340316029867412,0.924709525483788,0.960074436690915,0.970525859995006
"524","200919_at",1912,"PHC2",0.133615586294937,0.721899112026616,0.00188000594154658,0.336146277709117,0.925015680812977,1.05009835796927,0.970525859995006
"525","203976_s_at",10036,"CHAF1A",0.994404072734962,0.983544082700121,0.00193398157222413,0.33942325391974,0.926088346309971,1.03877114210142,0.970525859995006
"526","206951_at",8367,"HIST1H4E",0.671436756867545,0.87004341039879,0.00188140005087101,0.341043768886729,0.92769483760783,1.04206209368741,0.970525859995006
"527","216845_x_at",8085,"KMT2D",0.369070919459183,0.800266803426463,0.00180990508796575,0.333181230236455,0.928752867455766,0.960722510837582,0.970525859995006
"528","212348_s_at",23028,"KDM1A",0.167829472768343,0.741056728608974,0.00233313758482578,0.342118549219107,0.935788354219573,0.962144209089315,0.976413896543477
"529","208442_s_at",472,"ATM",0.85577548309418,0.913006834844473,0.00201411292115738,0.339089379360566,0.94367098990802,1.03148223227908,0.981699522337149
"530","207611_at",8340,"HIST1H2BL",0.571478157967964,0.848710698114183,0.0017358227719515,0.332092033114164,0.94658573430326,0.967009750962687,0.982444519856646
"531","202160_at",1387,"CREBBP",0.351728910677994,1.26399093464585,0.00224578778398965,0.340771831088775,0.947206194180296,0.968499075356601,0.982444519856646
"532","212984_at",1386,"ATF2",0.0600220534046125,1.4731680271592,0.00179263281623754,0.331205690773756,0.953562268661856,1.02974901023914,0.98756746100641
"533","207564_x_at",8473,"OGT",0.926023762748667,0.942799957874027,0.00210252553878654,0.339891999529113,0.957973029975619,0.976196974597229,0.989195854656306
"534","203278_s_at",51317,"PHF21A",0.938279136283272,0.945900249338223,0.00196813345586799,0.336812261424224,0.968274312652134,0.98130105598075,0.99033613902974
"535","219198_at",9329,"GTF3C4",0.597306583224374,0.840259014222031,0.00161363310167029,0.331191635999516,0.968910392745904,1.01997984395103,0.99033613902974
"536","208506_at",8968,"HIST1H3F",0.42738240753501,1.21100685765551,0.00186918119631452,0.334909591743379,0.969234958892909,1.01652058747039,0.99033613902974
"537","213336_at",9031,"BAZ1B",0.45142798706891,0.811428086605393,0.00190880182068365,0.337185485315117,0.96949599911588,0.981258783017699,0.99033613902974
"538","221617_at",51616,"TAF9B",0.999348501798892,1.00111647952022,0.00189849502226436,0.335420892509137,0.971865020224307,0.984558246041977,0.99033613902974
"539","222067_x_at",3017,"HIST1H2BD",0.56202207167294,0.84872297595886,0.00157831384463103,0.331010639472645,0.976054093035086,0.986631716206506,0.993152850869277
"540","212264_s_at",23063,"WAPAL",0.976090051109573,1.03888109559193,0.00191642864115305,0.336636079176021,0.979946819457944,0.987714232124471,0.995660252423013
"541","41160_at",53615,"MBD3",0.637799344143063,0.862585034928429,0.00208143237120162,0.339397381514491,0.981881403850155,0.989807535157224,0.996173709583054
"542","214534_at",3009,"HIST1H1B",0.0815398701012723,0.657270381828635,0.00365621526225601,0.354657746923491,0.984165696745154,0.990352450066731,0.996653826335909
"543","201838_s_at",9913,"SUPT7L",0.989515618989115,0.974314257356682,0.00186992286605048,0.336246947897495,0.985911217343191,1.00877871030546,0.996653826335909
"544","206968_s_at",4798,"NFRKB",0.0812487667857602,0.682864561176367,0.00242390773091516,0.340828175534892,0.986644390490355,0.991769193209545,0.996653826335909
"545","212493_s_at",29072,"SETD2",0.842632380757856,0.911004414587871,0.00201330524701759,0.338476007484722,0.989338682119219,0.994025986053455,0.997929177188272
"546","215053_at",10847,"SRCAP",0.136146855941789,0.721048164758636,0.00158620875312621,0.332488414371792,0.993740794578463,1.00399840192503,0.9992584038883
"547","212726_at",5253,"PHF2",0.684610712443787,1.14865392942796,0.00215385679381441,0.339267879695651,0.993828227529364,1.00372064692491,0.9992584038883
"548","207186_s_at",2186,"BPTF",0.999471852352276,0.995206607546203,0.00190689005138889,0.336384625209132,0.996299375314504,0.997933264411762,0.9992584038883
"549","203064_s_at",3607,"FOXK2",0.818409120452882,0.894003027630266,0.00211977372877281,0.339187386645021,0.996391091395077,0.997913002727963,0.9992584038883
"550","209192_x_at",10524,"KAT5",0.081571602354844,0.69490032831437,0.00167318613095613,0.330254232627109,0.999360464466225,1.00038358326917,0.999997668631571
"551","203444_s_at",9219,"MTA2",0.758690797212722,1.12586845155965,0.00189942166535484,0.335919926645599,0.999997668631571,1.00000125563411,0.999997668631571
