phenotypes,gene,chromosome,start,end,minP,HF:pValue,HF:zStat,HF:nParam,HF:subjects,chiSquared
["HF"],"CDKN1A","6",36644237,36655114,4.9336e-21,4.9336e-21,9.3375,15,428754,4.933600000000017e-21
["HF"],"FTO","16",53735604,54192424,1.5364e-17,1.5364e-17,8.4438,161,428754,1.5363999999999996e-17
["HF"],"SMG6","17",1963133,2207079,3.8451e-11,3.8451e-11,6.5065,32,428754,3.845099999999996e-11
["HF"],"SEC24C","10",75504130,75531919,3.5944e-10,3.5944e-10,6.1619,13,428754,3.5943999999999974e-10
["HF"],"AGAP5","10",75434045,75457639,7.6313e-10,7.6313e-10,6.0416,9,428754,7.631299999999994e-10
["HF"],"GTF2I","7",74064571,74175022,2.4407e-9,2.4407e-9,5.8512,29,428754,2.4406999999999968e-9
["HF"],"ZFHX3","16",72816784,73925770,1.2374e-8,1.2374e-8,5.575,122,428754,1.2374000000000005e-8
["HF"],"NPC1","18",21086148,21166470,1.8872e-8,1.8872e-8,5.5011,28,428754,1.8871999999999992e-8
["HF"],"IRAK1BP1","6",79577268,79656157,2.2225e-8,2.2225e-8,5.4722,25,428754,2.2224999999999992e-8
["HF"],"SYNPO2L","10",75404639,75423561,2.3243e-8,2.3243e-8,5.4643,5,428754,2.3243000000000005e-8
["HF"],"PITX2","4",111538579,111563279,2.6117e-8,2.6117e-8,5.4435,16,428754,2.6116999999999962e-8
["HF"],"KCNK3","2",26915558,26956288,2.614e-8,2.614e-8,5.4434,26,428754,2.6139999999999965e-8
["HF"],"WDR73","15",85182516,85197574,3.4023e-8,3.4023e-8,5.3963,9,428754,3.402300000000006e-8
["HF"],"NDST2","10",75561669,75571556,3.6591e-8,3.6591e-8,5.3832,5,428754,3.6590999999999987e-8
["HF"],"CAMK2G","10",75572259,75634349,4.3203e-8,4.3203e-8,5.3532,19,428754,4.3202999999999973e-8
["HF"],"PHIP","6",79644136,79787971,4.5385e-8,4.5385e-8,5.3443,25,428754,4.538500000000007e-8
["HF"],"KLHL3","5",136953189,137071778,5.2363e-8,5.2363e-8,5.3183,43,428754,5.2363000000000043e-8
["HF"],"TTC39A","1",51752930,51810788,5.7761e-8,5.7761e-8,5.3004,36,428754,5.776100000000003e-8
["HF"],"EPS15","1",51819935,51984938,6.0348e-8,6.0348e-8,5.2924,26,428754,6.034800000000002e-8
["HF"],"CPEB4","5",173315352,173388983,6.1043e-8,6.1043e-8,5.2903,26,428754,6.104300000000007e-8
["HF"],"NMB","15",85198360,85201794,1.8714e-7,1.8714e-7,5.0816,4,428754,1.8714000000000002e-7
["HF"],"ASXL3","18",31158183,31331159,2.0032e-7,2.0032e-7,5.0687,34,428754,2.0031999999999998e-7
["HF"],"ABO","9",136125788,136151440,3.0353e-7,3.0353e-7,4.989,19,428754,3.0353000000000023e-7
["HF"],"FUT11","10",75532034,75540009,3.9796e-7,3.9796e-7,4.9364,2,428754,3.9795999999999984e-7
["HF"],"LPL","8",19759228,19824770,4.4818e-7,4.4818e-7,4.9131,28,428754,4.481799999999999e-7
["HF"],"SRR","17",2206677,2228554,5.1885e-7,5.1885e-7,4.8843,13,428754,5.188499999999997e-7
["HF"],"USP36","17",76783463,76837523,6.3589e-7,6.3589e-7,4.8441,28,428754,6.358899999999997e-7
["HF"],"CDK6","7",92234235,92465887,6.3742e-7,6.3742e-7,4.8436,53,428754,6.374200000000006e-7
["HF"],"ZSWIM8","10",75545364,75561555,6.626e-7,6.626e-7,4.8359,4,428754,6.625999999999999e-7
["HF"],"NR3C1","5",142657496,142815077,6.6402e-7,6.6402e-7,4.8355,103,428754,6.640199999999997e-7
["HF"],"CYTH1","17",76670130,76778379,7.2583e-7,7.2583e-7,4.8178,33,428754,7.2583e-7
["HF"],"HEATR5B","2",37195526,37311515,8.132e-7,8.132e-7,4.795,33,428754,8.132000000000003e-7
["HF"],"ZNF592","15",85291823,85349676,0.0000010186,0.0000010186,4.7497,31,428754,0.0000010186
["HF"],"IGF2BP1","17",47074747,47133507,0.0000010573,0.0000010573,4.7421,25,428754,0.0000010572999999999996
["HF"],"SPATS2L","2",201170604,201346987,0.0000014032,0.0000014032,4.6845,59,428754,0.0000014032000000000014
["HF"],"HSPB7","1",16340523,16346089,0.0000014776,0.0000014776,4.6739,5,428754,0.0000014776000000000013
["HF"],"CACNB2","10",18429353,18832486,0.0000015257,0.0000015257,4.6673,146,428754,0.0000015256999999999994
["HF"],"CFDP1","16",75327596,75467401,0.0000016544,0.0000016544,4.6507,24,428754,0.000001654399999999999
["HF"],"ABHD17C","15",80972025,81047962,0.0000016789,0.0000016789,4.6476,28,428754,0.0000016789000000000014
["HF"],"VTI1A","10",114206756,114578503,0.0000018037,0.0000018037,4.6328,123,428754,0.000001803700000000001
["HF"],"RNF123","3",49726971,49758962,0.0000020281,0.0000020281,4.6085,14,428754,0.0000020280999999999993
["HF"],"TMEM170A","16",75476952,75499395,0.0000020464,0.0000020464,4.6066,22,428754,0.000002046400000000001
["HF"],"SLC4A10","2",162280843,162841792,0.0000025577,0.0000025577,4.56,32,428754,0.000002557699999999999
["HF"],"FOXP1","3",71003859,71633140,0.0000028389,0.0000028389,4.538,144,428754,0.0000028389000000000013
["HF"],"SYT17","16",19179293,19279654,0.0000028499,0.0000028499,4.5372,69,428754,0.0000028499000000000017
["HF"],"CLCNKA","1",16345370,16360545,0.0000028737,0.0000028737,4.5355,14,428754,0.0000028736999999999993
["HF"],"CRTC1","19",18794488,18893143,0.0000029274,0.0000029274,4.5316,40,428754,0.0000029273999999999993
["HF"],"UBE3C","7",156931610,157062064,0.0000030107,0.0000030107,4.5256,33,428754,0.000003010699999999998
["HF"],"MAML3","4",140637907,141075338,0.0000031143,0.0000031143,4.5185,152,428754,0.000003114300000000003
["HF"],"IP6K1","3",49761727,49823975,0.0000031287,0.0000031287,4.5175,15,428754,0.0000031286999999999994
["HF"],"MYOZ1","10",75391370,75401232,0.000003136,0.000003136,4.517,6,428754,0.000003136
["HF"],"ECE2","3",183993799,184010819,0.0000037955,0.0000037955,4.4764,22,428754,0.0000037955000000000033
["HF"],"ZNF341","20",32319463,32380075,0.0000040529,0.0000040529,4.4624,26,428754,0.000004052899999999999
["HF"],"AAGAB","15",67493005,67547533,0.0000048537,0.0000048537,4.4236,18,428754,0.0000048537
["HF"],"CAND2","3",12837971,12913415,0.0000050255,0.0000050255,4.4161,35,428754,0.000005025500000000003
["HF"],"TMEM241","18",20777108,21017925,0.0000059027,0.0000059027,4.3812,33,428754,0.000005902700000000005
["HF"],"UPK1A","19",36157418,36169385,0.0000065486,0.0000065486,4.3585,11,428754,0.000006548599999999997
["HF"],"TGFBR1","9",101866320,101916474,0.0000066047,0.0000066047,4.3566,18,428754,0.0000066047000000000005
["HF"],"ORC4","2",148687965,148779173,0.0000067541,0.0000067541,4.3517,27,428754,0.0000067541000000000045
["HF"],"LETMD1","12",51441745,51454207,0.0000071461,0.0000071461,4.3393,6,428754,0.000007146099999999998
["HF"],"PIH1D1","19",49949555,49956754,0.0000073325,0.0000073325,4.3337,3,428754,0.0000073325000000000065
["HF"],"POU6F2","7",39017509,39532694,0.0000077145,0.0000077145,4.3225,84,428754,0.000007714499999999995
["HF"],"SEC11A","15",85212769,85259691,0.0000084288,0.0000084288,4.3029,29,428754,0.0000084288
["HF"],"SNRPC","6",34725282,34741634,0.0000084949,0.0000084949,4.3012,16,428754,0.000008494899999999999
["HF"],"GIPR","19",46171479,46186980,0.0000095455,0.0000095455,4.2753,12,428754,0.000009545500000000005
["HF"],"CRIM1","2",36582921,36778278,0.0000095665,0.0000095665,4.2748,67,428754,0.000009566500000000009
["HF"],"NCL","2",232318242,232348352,0.000009895,0.000009895,4.2672,10,428754,0.000009894999999999998
["HF"],"TRAIP","3",49866034,49894007,0.000010473,0.000010473,4.2546,8,428754,0.000010473000000000008
["HF"],"CASZ1","1",10696661,10856707,0.000010611,0.000010611,4.2516,103,428754,0.000010610999999999999
["HF"],"BDNF","11",27676440,27743605,0.000011925,0.000011925,4.2254,24,428754,0.000011925000000000009
["HF"],"BHLHB9","X",101975616,102008468,0.000014757,0.000014757,4.1772,,3116,0.000014757000000000008
["HF"],"BAG3","10",121410892,121437331,0.000014772,0.000014772,4.177,18,428754,0.000014772
["HF"],"ALPK3","15",85360587,85416710,0.000015032,0.000015032,4.173,39,428754,0.000015031999999999998
["HF"],"MLIP","6",53794780,54131078,0.000015399,0.000015399,4.1675,41,428754,0.000015398999999999996
["HF"],"HSF5","17",56497528,56565769,0.00001585,0.00001585,4.1609,19,428754,0.000015850000000000016
["HF"],"ACVR2A","2",148602086,148688395,0.000016041,0.000016041,4.1582,28,428754,0.000016040999999999998
["HF"],"STRN","2",37064841,37193679,0.000016061,0.000016061,4.1579,31,428754,0.000016061
["HF"],"SLC6A4","17",28521337,28563020,0.000016788,0.000016788,4.1478,28,428754,0.000016788000000000016
["HF"],"GALNT16","14",69725994,69823750,0.000018789,0.000018789,4.1219,50,428754,0.000018789000000000006
["HF"],"PCGF2","17",36890151,36906070,0.000019226,0.000019226,4.1166,17,428754,0.000019225999999999985
["HF"],"THEM5","1",151819577,151826188,0.000019339,0.000019339,4.1152,8,428754,0.000019339
["HF"],"RFX4","12",106976782,107156581,0.000022092,0.000022092,4.0844,43,428754,0.000022091999999999998
["HF"],"TRMT61B","2",29072687,29093175,0.000022154,0.000022154,4.0838,11,428754,0.000022153999999999995
["HF"],"IQCH","15",67547124,67794598,0.000022168,0.000022168,4.0836,33,428754,0.00002216799999999999
["HF"],"HIP1R","12",123319000,123347508,0.000023263,0.000023263,4.0724,14,428754,0.000023263000000000024
["HF"],"UBA7","3",49842642,49851386,0.000023591,0.000023591,4.0692,3,428754,0.00002359100000000001
["HF"],"PPP1CB","2",28974506,29025806,0.00002454,0.00002454,4.06,23,428754,0.000024539999999999985
["HF"],"CDC25C","5",137620954,137674044,0.000028487,0.000028487,4.025,22,428754,0.00002848700000000001
["HF"],"NMT1","17",43035360,43186384,0.000030049,0.000030049,4.0124,30,428754,0.000030048999999999996
["HF"],"GPR153","1",6307413,6321158,0.000030404,0.000030404,4.0097,8,428754,0.000030403999999999992
["HF"],"SPDYA","2",29005383,29073477,0.000030891,0.000030891,4.0059,18,428754,0.00003089100000000003
["HF"],"COX6B1","19",36139225,36149684,0.000031268,0.000031268,4.003,12,428754,0.00003126800000000001
["HF"],"HSD17B12","11",43702230,43878167,0.000032155,0.000032155,3.9964,35,428754,0.000032155000000000033
["HF"],"ANAPC4","4",25378885,25420120,0.000033207,0.000033207,3.9888,22,428754,0.00003320699999999998
["HF"],"NSRP1","17",28442539,28513493,0.00003465,0.00003465,3.9787,19,428754,0.000034650000000000016
["HF"],"CHD4","12",6679248,6723690,0.000035241,0.000035241,3.9747,17,428754,0.000035241
["HF"],"ASCC3","6",100956070,101329248,0.000037584,0.000037584,3.9593,34,428754,0.00003758399999999998
["HF"],"KCNH2","7",150642049,150675409,0.000038014,0.000038014,3.9566,23,428754,0.000038014000000000026
["HF"],"API5","11",43333513,43366079,0.000038324,0.000038324,3.9546,20,428754,0.00003832399999999998
["HF"],"LSP1","11",1872134,1913497,0.000038339,0.000038339,3.9546,44,428754,0.00003833900000000001
["HF"],"HDGFL1","6",22569795,22571895,0.000039886,0.000039886,3.9451,2,428754,0.00003988600000000004
["HF"],"PRKD1","14",30045685,30661104,0.000039966,0.000039966,3.9446,78,428754,0.000039965999999999996
["HF"],"ZBTB32","19",36195460,36207940,0.000041134,0.000041134,3.9377,15,428754,0.00004113400000000001
["HF"],"ITPR1","3",4535029,4889524,0.000045049,0.000045049,3.9158,184,428754,0.00004504900000000004
["HF"],"CHRNB4","15",78916453,79020096,0.000046234,0.000046234,3.9095,14,428754,0.00004623399999999998
["HF"],"BSN","3",49591910,49708982,0.000046427,0.000046427,3.9085,26,428754,0.00004642699999999998
["HF"],"CELSR2","1",109792161,109818373,0.000047029,0.000047029,3.9054,25,428754,0.00004702899999999997
["HF"],"PKD2L2","5",137223657,137278436,0.00004783,0.00004783,3.9013,22,428754,0.000047830000000000035
["HF"],"E2F1","20",32263283,32274191,0.000048645,0.000048645,3.8973,10,428754,0.00004864499999999999
["HF"],"SIL1","5",138282413,138629246,0.000049811,0.000049811,3.8915,30,428754,0.00004981100000000004
["HF"],"KMT2B","19",36208875,36229779,0.00004997,0.00004997,3.8907,14,428754,0.00004996999999999997
["HF"],"ATF5","19",50431959,50437192,0.000050416,0.000050416,3.8886,11,428754,0.00005041600000000003
["HF"],"WNT2B","1",113009163,113072787,0.000052687,0.000052687,3.8779,33,428754,0.000052687000000000046
["HF"],"TMEM263","12",107349497,107372556,0.000052738,0.000052738,3.8776,10,428754,0.00005273800000000005
["HF"],"GHR","5",42423541,42721980,0.000055853,0.000055853,3.8636,50,428754,0.000055852999999999975
["HF"],"NAT8B","2",73927703,73928467,0.000058196,0.000058196,3.8536,1,428754,0.00005819600000000006
["HF"],"FAM104B","X",55169535,55187743,0.000060542,0.000060542,3.8439,,3116,0.000060541999999999984
["HF"],"HCFC2","12",104458309,104500302,0.000061168,0.000061168,3.8414,24,428754,0.00006116800000000001
["HF"],"FBXO40","3",121312226,121349142,0.000061921,0.000061921,3.8384,36,428754,0.00006192100000000003
["HF"],"GABRG1","4",46037786,46126071,0.000063646,0.000063646,3.8316,22,428754,0.00006364600000000003
["HF"],"NIPSNAP3A","9",107509964,107522401,0.000065909,0.000065909,3.823,12,428754,0.00006590899999999995
["HF"],"CPB1","3",148508889,148577974,0.000067827,0.000067827,3.816,51,428754,0.00006782700000000001
["HF"],"NELFE","6",31919864,31926815,0.000068572,0.000068572,3.8133,10,428754,0.00006857199999999997
["HF"],"IL6","7",22765503,22771621,0.000068909,0.000068909,3.8121,6,428754,0.00006890900000000007
["HF"],"SKIV2L","6",31926894,31937528,0.000069424,0.000069424,3.8102,16,428754,0.00006942399999999996
["HF"],"AGPAT1","6",32135989,32145873,0.000070226,0.000070226,3.8074,12,428754,0.00007022599999999999
["HF"],"MLF1","3",158288952,158325041,0.000070767,0.000070767,3.8055,16,428754,0.00007076699999999995
["HF"],"AP4M1","7",99699172,99707968,0.000073318,0.000073318,3.7967,7,428754,0.00007331800000000006
["HF"],"PCSK1","5",95726037,95769847,0.000075321,0.000075321,3.79,16,428754,0.00007532100000000006
["HF"],"MED9","17",17380308,17396535,0.000075887,0.000075887,3.7881,15,428754,0.000075887
["HF"],"R3HCC1L","10",99894381,100004654,0.000076749,0.000076749,3.7853,29,428754,0.00007674899999999998
["HF"],"DYDC2","10",82104501,82127829,0.000077759,0.000077759,3.7821,18,428754,0.00007775900000000004
["HF"],"STK17B","2",196998307,197041227,0.000079314,0.000079314,3.7772,17,428754,0.00007931400000000009
["HF"],"NIPSNAP3B","9",107526410,107540045,0.000079687,0.000079687,3.776,14,428754,0.000079687
["HF"],"C2","6",31865562,31913449,0.000079867,0.000079867,3.7754,35,428754,0.00007986700000000008
["HF"],"ANKH","5",14704909,14871887,0.000081445,0.000081445,3.7705,53,428754,0.00008144499999999998
["HF"],"TNRC6A","16",24621530,24838953,0.000082178,0.000082178,3.7683,30,428754,0.00008217799999999997
["HF"],"ZKSCAN5","7",99102285,99132323,0.000082277,0.000082277,3.768,14,428754,0.000082277
["HF"],"LHX3","9",139088096,139096974,0.000082485,0.000082485,3.7674,15,428754,0.00008248500000000003
["HF"],"SLC26A8","6",35911293,35992645,0.000083288,0.000083288,3.765,32,428754,0.00008328800000000005
["HF"],"EXD2","14",69658228,69710737,0.000084208,0.000084208,3.7622,18,428754,0.00008420800000000002
["HF"],"MUSTN1","3",52867130,52869035,0.000084402,0.000084402,3.7616,4,428754,0.00008440199999999996
["HF"],"PPP4R1","18",9546789,9615238,0.000085096,0.000085096,3.7596,30,428754,0.00008509599999999995
["HF"],"RARRES1","3",158414681,158450278,0.000085434,0.000085434,3.7586,20,428754,0.00008543399999999998
["HF"],"UBQLN4","1",156005090,156023589,0.00009145,0.00009145,3.7415,10,428754,0.00009144999999999997
["HF"],"POM121C","7",75046065,75115576,0.000095169,0.000095169,3.7315,35,428754,0.00009516900000000008
["HF"],"WFS1","4",6271576,6304992,0.000097351,0.000097351,3.7258,19,428754,0.00009735100000000002
["HF"],"TRAF3","14",103243786,103377837,0.000099247,0.000099247,3.7209,29,428754,0.00009924700000000002
["HF"],"GID4","17",17942722,17971719,0.00010016,0.00010016,3.7186,9,428754,0.00010015999999999996
["HF"],"ZNF24","18",32912191,32925446,0.00010448,0.00010448,3.7079,10,428754,0.00010448000000000007
["HF"],"MLLT10","10",21813575,22032559,0.00010537,0.00010537,3.7058,47,428754,0.00010537000000000008
["HF"],"SMUG1","12",54515061,54582792,0.00010605,0.00010605,3.7042,4,428754,0.00010605000000000003
["HF"],"ZBTB17","1",16268364,16302627,0.00010975,0.00010975,3.6955,22,428754,0.00010975000000000008
["HF"],"NDUFAF7","2",37458774,37480546,0.00011313,0.00011313,3.6877,17,428754,0.0001131300000000001
["HF"],"ALDH16A1","19",49956482,49974307,0.00011421,0.00011421,3.6853,13,428754,0.00011420999999999999
["HF"],"DCAF5","14",69517598,69619867,0.00011462,0.00011462,3.6844,29,428754,0.00011461999999999996
["HF"],"FBN2","5",127593601,127994878,0.00011471,0.00011471,3.6842,48,428754,0.00011471000000000007
["HF"],"TTC17","11",43380470,43516483,0.00011771,0.00011771,3.6776,39,428754,0.00011771000000000004
["HF"],"ERVMER34-1","4",53588785,53617753,0.00012088,0.00012088,3.6708,6,428754,0.00012087999999999998
["HF"],"MYH11","16",15796992,15950885,0.00012106,0.00012106,3.6705,72,428754,0.00012106000000000012
["HF"],"FANCC","9",97861336,98189078,0.00012647,0.00012647,3.6593,35,428754,0.00012647000000000008
["HF"],"ZSCAN2","15",85144217,85171027,0.00012961,0.00012961,3.653,20,428754,0.00012960999999999997
["HF"],"STARD8","X",67867508,67945684,0.00013146,0.00013146,3.6493,,3116,0.00013146000000000007
["HF"],"CCDC62","12",123259073,123312075,0.00013402,0.00013402,3.6444,24,428754,0.00013402000000000005
["HF"],"APOE","19",45409048,45412650,0.00013562,0.00013562,3.6413,3,428754,0.00013561999999999998
["HF"],"PROB1","5",138726281,138730793,0.00013762,0.00013762,3.6376,2,428754,0.00013762000000000005
["HF"],"CAMK2N1","1",20808884,20812703,0.00014331,0.00014331,3.6271,3,428754,0.00014331000000000004
["HF"],"KCTD15","19",34286838,34306668,0.0001438,0.0001438,3.6262,24,428754,0.0001438000000000001
["HF"],"TMEFF1","9",103235431,103339918,0.00014418,0.00014418,3.6255,26,428754,0.00014417999999999994
["HF"],"DMRTA1","9",22446823,22455739,0.00014501,0.00014501,3.6241,8,428754,0.00014501000000000008
["HF"],"TPRKB","2",73956231,73964527,0.00014525,0.00014525,3.6236,3,428754,0.00014525000000000014
["HF"],"KLB","4",39408550,39453153,0.00014865,0.00014865,3.6176,38,428754,0.00014865000000000014
["HF"],"SLC39A14","8",22224791,22291642,0.00014928,0.00014928,3.6165,24,428754,0.0001492800000000001
["HF"],"DUSP11","2",73989311,74007284,0.00015433,0.00015433,3.6079,7,428754,0.0001543299999999999
["HF"],"CHMP3","2",86730553,86790602,0.00015441,0.00015441,3.6078,25,428754,0.00015441
["HF"],"CSRNP2","12",51454988,51477447,0.00015449,0.00015449,3.6077,18,428754,0.0001544900000000001
["HF"],"VPS11","11",118938529,118952682,0.0001547,0.0001547,3.6073,12,428754,0.00015470000000000005
["HF"],"CDKN2B","9",22002902,22009304,0.00015603,0.00015603,3.6051,8,428754,0.00015602999999999995
["HF"],"GFRA3","5",137588069,137610310,0.00016163,0.00016163,3.5959,20,428754,0.00016162999999999998
["HF"],"DPYSL5","2",27070615,27173219,0.00016458,0.00016458,3.5912,21,428754,0.00016458000000000005
["HF"],"CDHR4","3",49828165,49837306,0.00017102,0.00017102,3.5812,8,428754,0.00017102000000000005
["HF"],"CES2","16",66968347,66978999,0.0001738,0.0001738,3.577,9,428754,0.0001738000000000001
["HF"],"PSMB3","17",36908994,36920478,0.00017524,0.00017524,3.5748,15,428754,0.00017523999999999996
["HF"],"ZNF655","7",99156029,99174076,0.00017576,0.00017576,3.574,13,428754,0.00017576000000000015
["HF"],"DCAKD","17",43100708,43138477,0.00018226,0.00018226,3.5645,26,428754,0.00018225999999999998
["HF"],"SNX10","7",26331482,26414003,0.00018559,0.00018559,3.5598,40,428754,0.00018559000000000002
["HF"],"ZNF396","18",32946658,32957301,0.0001879,0.0001879,3.5565,9,428754,0.00018790000000000001
["HF"],"CHST6","16",75505950,75529343,0.0001882,0.0001882,3.5561,25,428754,0.00018819999999999989
["HF"],"ZNF423","16",49521435,49891830,0.0001932,0.0001932,3.5492,149,428754,0.00019320000000000022
["HF"],"CORO1A","16",30194148,30200397,0.00019324,0.00019324,3.5491,5,428754,0.00019323999999999996
["HF"],"PLCH2","1",2357419,2436971,0.00019901,0.00019901,3.5414,29,428754,0.00019901
["HF"],"GPATCH11","2",37311594,37326387,0.0001996,0.0001996,3.5406,8,428754,0.00019960000000000016
["HF"],"CBFA2T2","20",32077881,32237842,0.00020124,0.00020124,3.5385,45,428754,0.00020124000000000005
["HF"],"DYDC1","10",82095861,82116511,0.00021107,0.00021107,3.5258,16,428754,0.00021107
["HF"],"ABCC6","16",16243422,16317379,0.0002113,0.0002113,3.5255,45,428754,0.00021130000000000004
["HF"],"LOXL4","10",100007447,100027951,0.00021291,0.00021291,3.5235,15,428754,0.0002129099999999999
["HF"],"SPDYE5","7",75122945,75133628,0.00021516,0.00021516,3.5208,28,428754,0.00021516000000000018
["HF"],"DNAJC18","5",138744277,138780180,0.00021562,0.00021562,3.5202,10,428754,0.0002156200000000002
["HF"],"VPS37B","12",123349877,123380674,0.00021665,0.00021665,3.5189,14,428754,0.00021665000000000014
["HF"],"TNFRSF6B","20",62328005,62330037,0.00021729,0.00021729,3.5181,4,428754,0.00021729000000000003
["HF"],"MEF2D","1",156433519,156470571,0.00021886,0.00021886,3.5162,18,428754,0.00021886000000000025
["HF"],"ELFN1","7",1727755,1787590,0.00021969,0.00021969,3.5152,39,428754,0.00021969000000000025
["HF"],"GPR157","1",9160364,9189161,0.00022153,0.00022153,3.513,14,428754,0.00022153000000000014
["HF"],"HES3","1",6304239,6305638,0.00022553,0.00022553,3.5083,2,428754,0.00022552999999999985
["HF"],"ZNF789","7",99070513,99101273,0.00022839,0.00022839,3.5049,13,428754,0.00022838999999999992
["HF"],"MAPRE3","2",27193505,27250087,0.00023276,0.00023276,3.4998,14,428754,0.00023276000000000012
["HF"],"C1QTNF4","11",47611219,47615963,0.00023728,0.00023728,3.4947,5,428754,0.00023728000000000009
["HF"],"GLIS1","1",53971910,54203779,0.00024095,0.00024095,3.4906,70,428754,0.00024094999999999992
["HF"],"DGKI","7",137065783,137531838,0.00024828,0.00024828,3.4826,102,428754,0.00024827999999999987
["HF"],"GNAO1","16",56225302,56391356,0.00024926,0.00024926,3.4816,68,428754,0.00024926000000000017
["HF"],"UHRF1BP1","6",34759792,34850915,0.00025452,0.00025452,3.476,25,428754,0.00025452000000000016
["HF"],"LRRTM2","5",138204610,138211057,0.00025578,0.00025578,3.4746,4,428754,0.00025578
["HF"],"MYO1F","19",8585662,8642461,0.0002567,0.0002567,3.4737,41,428754,0.0002566999999999999
["HF"],"SWI5","9",131037658,131078402,0.00025678,0.00025678,3.4736,5,428754,0.0002567800000000002
["HF"],"CSNK1G2","19",1941171,1981337,0.0002568,0.0002568,3.4736,27,428754,0.00025679999999999995
["HF"],"PRKD3","2",37477645,37551976,0.00026331,0.00026331,3.4668,30,428754,0.00026330999999999994
["HF"],"CHEK2","22",29083731,29138410,0.00026857,0.00026857,3.4615,28,428754,0.0002685700000000001
["HF"],"ABCF2","7",150908570,150924291,0.00027596,0.00027596,3.4542,15,428754,0.0002759600000000002
["HF"],"ATP6V1G2","6",31512221,31516204,0.00027759,0.00027759,3.4526,8,428754,0.0002775899999999998
["HF"],"ANKRD35","1",145549209,145568526,0.00028188,0.00028188,3.4485,11,428754,0.00028188
["HF"],"DDX39B","6",31497996,31510225,0.00028206,0.00028206,3.4483,26,428754,0.00028206000000000005
["HF"],"ADAM10","15",58881008,59041990,0.00028239,0.00028239,3.448,36,428754,0.0002823900000000002
["HF"],"PRMT8","12",3490515,3703139,0.00028255,0.00028255,3.4478,105,428754,0.00028254999999999996
["HF"],"EMC2","8",109455830,109501425,0.00028467,0.00028467,3.4458,17,428754,0.0002846700000000001
["HF"],"COL4A2","13",110958159,111165556,0.00028609,0.00028609,3.4445,139,428754,0.00028609
["HF"],"CDC123","10",12237964,12292588,0.00029041,0.00029041,3.4404,32,428754,0.00029040999999999995
["HF"],"BTBD7","14",93703896,93799438,0.00029186,0.00029186,3.4391,31,428754,0.0002918600000000002
["HF"],"CADM1","11",115039938,115375675,0.00029232,0.00029232,3.4386,79,428754,0.00029232000000000005
["HF"],"ZNF292","6",87862551,87975661,0.00029401,0.00029401,3.4371,27,428754,0.00029401000000000004
["HF"],"IREB2","15",78729773,78793795,0.00029527,0.00029527,3.4359,27,428754,0.00029527000000000004
["HF"],"CACFD1","9",136325087,136335970,0.00029589,0.00029589,3.4354,11,428754,0.0002958900000000001
["HF"],"RIOK3","18",21033251,21066567,0.00029829,0.00029829,3.4332,16,428754,0.00029828999999999994
["HF"],"EFCAB5","17",28256218,28435470,0.00030322,0.00030322,3.4287,30,428754,0.0003032199999999998
["HF"],"PDE8A","15",85523671,85682376,0.00030361,0.00030361,3.4284,34,428754,0.00030361000000000027
["HF"],"KCNIP2","10",103585731,103603677,0.00030434,0.00030434,3.4277,13,428754,0.0003043399999999999
["HF"],"FAM13B","5",137273649,137387650,0.00030913,0.00030913,3.4235,21,428754,0.00030913
["HF"],"LAMTOR4","7",99746530,99753567,0.00031256,0.00031256,3.4205,5,428754,0.00031256000000000014
["HF"],"EIF3A","10",120793182,120840335,0.00032216,0.00032216,3.4122,17,428754,0.0003221600000000002
["HF"],"SCARB1","12",125261402,125367214,0.00032508,0.00032508,3.4098,80,428754,0.00032508
["HF"],"LIME1","20",62367635,62370456,0.0003258,0.0003258,3.4092,4,428754,0.0003257999999999999
["HF"],"TMEM106B","7",12250896,12282993,0.00032661,0.00032661,3.4085,15,428754,0.00032661000000000024
["HF"],"ARHGEF26","3",153838792,153975616,0.00032705,0.00032705,3.4081,31,428754,0.0003270499999999999
["HF"],"EHMT2","6",31847536,31865464,0.00032944,0.00032944,3.4061,27,428754,0.00032944000000000007
["HF"],"STK19","6",31938868,31950598,0.00033336,0.00033336,3.4029,17,428754,0.0003333599999999998
["HF"],"MFAP4","17",19286755,19290503,0.00033666,0.00033666,3.4002,2,428754,0.00033666
["HF"],"MPPED2","11",30406040,30608419,0.00034067,0.00034067,3.397,51,428754,0.00034067000000000006
["HF"],"PROSER3","19",36249044,36261930,0.00034419,0.00034419,3.3942,11,428754,0.00034418999999999997
["HF"],"CTR9","11",10772793,10823172,0.0003498,0.0003498,3.3897,23,428754,0.0003497999999999999
["HF"],"ITIH4","3",52846978,52864704,0.00035266,0.00035266,3.3875,10,428754,0.00035266000000000003
["HF"],"PSMD7","16",74330712,74340186,0.00035557,0.00035557,3.3853,9,428754,0.0003555699999999999
["HF"],"REPIN1","7",150065278,150071133,0.00035676,0.00035676,3.3843,3,428754,0.00035676000000000013
["HF"],"OR4C12","11",50003009,50004071,0.00035826,0.00035826,3.3832,1,428754,0.00035826
["HF"],"DAGLB","7",6448757,6523821,0.00036076,0.00036076,3.3813,29,428754,0.00036075999999999995
["HF"],"PALLD","4",169418203,169849608,0.0003639,0.0003639,3.3789,143,428754,0.00036389999999999995
["HF"],"TRANK1","3",36868310,36986548,0.00036733,0.00036733,3.3763,29,428754,0.00036732999999999997
["HF"],"SMARCB1","22",24129118,24180196,0.00037055,0.00037055,3.3739,28,428754,0.0003705500000000002
["HF"],"DERL3","22",24176690,24181315,0.00038362,0.00038362,3.3643,6,428754,0.00038362
["HF"],"TTLL6","17",46839597,46894576,0.00038692,0.00038692,3.362,21,428754,0.0003869200000000002
["HF"],"ARFRP1","20",62329995,62339377,0.00039106,0.00039106,3.359,7,428754,0.00039106000000000004
["HF"],"WWP2","16",69796231,69975644,0.00039329,0.00039329,3.3575,47,428754,0.00039329000000000013
["HF"],"PCNP","3",101293024,101313309,0.00039471,0.00039471,3.3565,14,428754,0.00039471000000000005
["HF"],"CTNNA1","5",137946656,138270723,0.00039577,0.00039577,3.3557,27,428754,0.00039577000000000026
["HF"],"SLC35F6","2",26987152,27004099,0.00039622,0.00039622,3.3554,6,428754,0.0003962200000000002
["HF"],"LIN37","19",36239262,36245420,0.00039817,0.00039817,3.3541,5,428754,0.00039817
["HF"],"CMTM2","16",66613351,66622178,0.00041329,0.00041329,3.3437,5,428754,0.00041328999999999997
["HF"],"CDK12","17",37617739,37721160,0.00041554,0.00041554,3.3422,20,428754,0.00041554000000000027
["HF"],"USP54","10",75257296,75385711,0.00041591,0.00041591,3.342,19,428754,0.00041591
["HF"],"MLLT3","9",20341667,20622498,0.00041719,0.00041719,3.3411,80,428754,0.00041719000000000017
["HF"],"FBXO46","19",46213887,46234154,0.00042423,0.00042423,3.3365,16,428754,0.0004242300000000002
["HF"],"CCND1","11",69455924,69469242,0.00042722,0.00042722,3.3345,12,428754,0.00042722000000000024
["HF"],"CCDC63","12",111284573,111345339,0.00042815,0.00042815,3.3339,38,428754,0.00042815000000000013
["HF"],"HIP1","7",75162619,75368280,0.0004484,0.0004484,3.321,77,428754,0.00044839999999999995
["HF"],"MLLT6","17",36861526,36886048,0.00045279,0.00045279,3.3183,12,428754,0.0004527900000000003
["HF"],"TNFAIP8L3","15",51348795,51397473,0.0004547,0.0004547,3.3172,17,428754,0.00045470000000000026
["HF"],"HILPDA","7",128095903,128098472,0.00046023,0.00046023,3.3138,3,428754,0.0004602300000000001
["HF"],"FCRLA","1",161676762,161684142,0.00046119,0.00046119,3.3132,10,428754,0.00046118999999999994
["HF"],"ZEB2","2",145121931,145278624,0.00046448,0.00046448,3.3112,56,428754,0.00046448
["HF"],"NT5DC2","3",52558401,52569070,0.00047097,0.00047097,3.3073,8,428754,0.00047097000000000024
["HF"],"AFF1","4",87856154,88062206,0.00047304,0.00047304,3.3061,40,428754,0.00047303999999999993
["HF"],"EIF4G1","3",184032283,184053146,0.00047481,0.00047481,3.305,17,428754,0.00047480999999999993
["HF"],"NFATC4","14",24834879,24848810,0.0004751,0.0004751,3.3049,10,428754,0.0004751000000000003
["HF"],"AGBL5","2",27265232,27293490,0.0004792,0.0004792,3.3025,13,428754,0.0004792000000000003
["HF"],"INCA1","17",4891425,4900905,0.00048019,0.00048019,3.3019,13,428754,0.0004801900000000001
["HF"],"RNF43","17",56431037,56494956,0.00048511,0.00048511,3.299,25,428754,0.0004851099999999999
["HF"],"MAPRE2","18",32556892,32723434,0.00048869,0.00048869,3.297,46,428754,0.00048869
["HF"],"CPA5","7",129984656,130008571,0.00049451,0.00049451,3.2936,19,428754,0.00049451
["HF"],"TDRD1","10",115939029,115992063,0.00049483,0.00049483,3.2935,18,428754,0.0004948299999999999
["HF"],"IGFLR1","19",36229702,36233354,0.00049616,0.00049616,3.2927,7,428754,0.0004961599999999999
["HF"],"HMBS","11",118955576,118964259,0.00050234,0.00050234,3.2892,7,428754,0.0005023400000000001
["HF"],"USP38","4",144106070,144145027,0.0005027,0.0005027,3.289,13,428754,0.0005027
["HF"],"NAA60","16",3493649,3536953,0.0005031,0.0005031,3.2888,25,428754,0.0005031000000000001
["HF"],"CHMP2A","19",59062933,59066472,0.00051023,0.00051023,3.2848,5,428754,0.00051023
["HF"],"RBPMS","8",30242027,30429773,0.00051146,0.00051146,3.2841,37,428754,0.0005114600000000001
["HF"],"LTB4R","14",24780656,24787242,0.00052781,0.00052781,3.2753,6,428754,0.0005278099999999999
["HF"],"MAPK7","17",19281034,19286857,0.00052842,0.00052842,3.2749,1,428754,0.0005284200000000003
["HF"],"HLA-DQA1","6",32595956,32614839,0.00053778,0.00053778,3.27,21,428754,0.0005377800000000002
["HF"],"ZNF705G","8",7213039,7243080,0.0005416,0.0005416,3.268,6,428754,0.0005416000000000004
["HF"],"SLBP","4",1694458,1714071,0.00054266,0.00054266,3.2674,16,428754,0.0005426600000000001
["HF"],"LOXL1","15",74218330,74244478,0.00054623,0.00054623,3.2656,22,428754,0.0005462300000000003
["HF"],"DALRD3","3",49052921,49059726,0.00055448,0.00055448,3.2613,6,428754,0.0005544800000000003
["HF"],"COL4A4","2",227867430,228029169,0.00055969,0.00055969,3.2587,50,428754,0.0005596900000000003
["HF"],"MTMR4","17",56566890,56595266,0.00056149,0.00056149,3.2578,11,428754,0.0005614899999999999
["HF"],"METTL7A","12",51317255,51326293,0.00056763,0.00056763,3.2547,13,428754,0.00056763
["HF"],"RSPO3","6",127439816,127520626,0.00057007,0.00057007,3.2534,22,428754,0.0005700700000000002
["HF"],"MAP3K13","3",185000729,185206882,0.00057276,0.00057276,3.2521,37,428754,0.00057276
["HF"],"SARDH","9",136528682,136605077,0.00057866,0.00057866,3.2492,53,428754,0.0005786600000000004
["HF"],"ZSCAN30","18",32831022,32870209,0.000584,0.000584,3.2466,22,428754,0.0005839999999999999
["HF"],"NOTCH4","6",32162620,32191844,0.00058495,0.00058495,3.2461,33,428754,0.0005849499999999999
["HF"],"GTF2IRD2","7",74210483,74267847,0.00058622,0.00058622,3.2455,8,428754,0.0005862200000000004
["HF"],"MED1","17",37560538,37607525,0.00058632,0.00058632,3.2455,12,428754,0.00058632
["HF"],"TMEM91","19",41856816,41889988,0.00058832,0.00058832,3.2445,15,428754,0.00058832
["HF"],"MAPK4","18",48086457,48258196,0.0005895,0.0005895,3.2439,74,428754,0.0005895
["HF"],"HLF","17",53342321,53402548,0.00059189,0.00059189,3.2428,40,428754,0.00059189
["HF"],"TNF","6",31543342,31546113,0.00059409,0.00059409,3.2417,3,428754,0.0005940900000000001
["HF"],"ANXA7","10",75134859,75173834,0.00059476,0.00059476,3.2414,10,428754,0.0005947600000000003
["HF"],"CKLF","16",66586466,66600154,0.00059524,0.00059524,3.2412,5,428754,0.0005952399999999999
["HF"],"HHIPL1","14",100111447,100146906,0.00059743,0.00059743,3.2401,20,428754,0.00059743
["HF"],"ZPBP2","17",38024455,38034149,0.00060592,0.00060592,3.2361,5,428754,0.0006059200000000001
["HF"],"PLEKHG4B","5",92266,190087,0.00061497,0.00061497,3.2318,22,428754,0.00061497
["HF"],"SYT16","14",62278692,62579268,0.0006197,0.0006197,3.2297,93,428754,0.0006196999999999999
["HF"],"CMTM1","16",66600296,66613040,0.00062226,0.00062226,3.2285,5,428754,0.00062226
["HF"],"ZNF536","19",30719197,31204445,0.00062327,0.00062327,3.228,72,428754,0.0006232699999999999
["HF"],"FERMT3","11",63974150,63991363,0.00063045,0.00063045,3.2247,12,428754,0.0006304499999999997
["HF"],"CHCHD10","22",24108021,24110159,0.00063265,0.00063265,3.2237,6,428754,0.0006326500000000003
["HF"],"CCDC34","11",27352374,27384781,0.00063609,0.00063609,3.2222,17,428754,0.0006360899999999999
["HF"],"MRPS17","7",56019570,56024193,0.00064166,0.00064166,3.2197,6,428754,0.0006416600000000002
["HF"],"NECAB3","20",32244893,32262269,0.0006426,0.0006426,3.2193,7,428754,0.0006426
["HF"],"KIF12","9",116848406,116861571,0.00064299,0.00064299,3.2191,13,428754,0.0006429900000000001
["HF"],"HSF2BP","21",44949066,45079369,0.00064366,0.00064366,3.2188,18,428754,0.0006436599999999998
["HF"],"MTERF2","12",107371055,107380938,0.00064502,0.00064502,3.2182,10,428754,0.0006450200000000004
["HF"],"TFEB","6",41651716,41703997,0.0006573,0.0006573,3.2128,40,428754,0.0006572999999999999
["HF"],"TFCP2","12",51487439,51566918,0.00066061,0.00066061,3.2113,25,428754,0.0006606100000000002
["HF"],"CFAP70","10",75013517,75118617,0.00066452,0.00066452,3.2096,10,428754,0.00066452
["HF"],"SNF8","17",47006678,47022204,0.00066748,0.00066748,3.2084,10,428754,0.0006674800000000001
["HF"],"XPO7","8",21777173,21864096,0.00066806,0.00066806,3.2081,22,428754,0.0006680600000000003
["HF"],"MIA3","1",222791439,222841349,0.00067381,0.00067381,3.2056,18,428754,0.0006738099999999998
["HF"],"LIPA","10",90973326,91174314,0.00068675,0.00068675,3.2002,33,428754,0.0006867500000000002
["HF"],"PTCD1","7",99014362,99063786,0.0006868,0.0006868,3.2001,22,428754,0.0006868
["HF"],"NCR3","6",31556672,31560783,0.00069643,0.00069643,3.1961,11,428754,0.0006964300000000002
["HF"],"MAPK14","6",35995454,36079013,0.00069918,0.00069918,3.195,26,428754,0.0006991800000000001
["HF"],"PRKCD","3",53190025,53226733,0.00070737,0.00070737,3.1916,19,428754,0.0007073700000000001
["HF"],"SMARCAD1","4",95128762,95212443,0.0007096,0.0007096,3.1907,19,428754,0.0007096000000000002
["HF"],"STX4","16",31044210,31054296,0.00071988,0.00071988,3.1866,3,428754,0.0007198800000000001
["HF"],"RIC8B","12",107168399,107283094,0.00072316,0.00072316,3.1852,38,428754,0.0007231600000000004
["HF"],"TOMM40L","1",161195729,161200536,0.00073612,0.00073612,3.1801,4,428754,0.0007361200000000002
["HF"],"CDC23","5",137523339,137549032,0.00074043,0.00074043,3.1784,19,428754,0.0007404300000000005
["HF"],"NUP98","11",3692313,3819022,0.00074643,0.00074643,3.1761,38,428754,0.0007464300000000002
["HF"],"B9D1","17",19237621,19281506,0.00075339,0.00075339,3.1734,14,428754,0.0007533900000000003
["HF"],"REEP2","5",137774746,137782658,0.00076672,0.00076672,3.1683,9,428754,0.00076672
["HF"],"TMEM67","8",94767072,94831462,0.00076712,0.00076712,3.1681,27,428754,0.0007671200000000001
["HF"],"C8G","9",139839637,139841427,0.00076799,0.00076799,3.1678,5,428754,0.0007679900000000004
["HF"],"KANK2","19",11274946,11308467,0.0007753,0.0007753,3.165,24,428754,0.0007753000000000004
["HF"],"ALMS1","2",73612886,73852293,0.00077755,0.00077755,3.1642,28,428754,0.0007775500000000004
["HF"],"ATF1","12",51157493,51214945,0.000784,0.000784,3.1618,17,428754,0.0007840000000000004
["HF"],"HNRNPA0","5",137081340,137090052,0.00078492,0.00078492,3.1615,3,428754,0.00078492
["HF"],"FBXL20","17",37408916,37558776,0.00079729,0.00079729,3.1569,20,428754,0.0007972900000000003
["HF"],"DHRS11","17",34948309,34957233,0.00079924,0.00079924,3.1562,8,428754,0.0007992400000000002
["HF"],"SLC7A7","14",23242431,23299029,0.00080425,0.00080425,3.1544,39,428754,0.0008042500000000005
["HF"],"GIP","17",47035916,47045958,0.00080748,0.00080748,3.1532,7,428754,0.00080748
["HF"],"GLB1L3","11",134144139,134189458,0.00081147,0.00081147,3.1518,33,428754,0.0008114700000000002
["HF"],"ENPEP","4",111286889,111486441,0.00083312,0.00083312,3.1441,41,428754,0.0008331199999999999
["HF"],"DLL4","15",41221538,41231271,0.00084061,0.00084061,3.1414,8,428754,0.0008406099999999999
["HF"],"STAP1","4",68424445,68473055,0.00085187,0.00085187,3.1375,28,428754,0.0008518700000000001
["HF"],"WT1","11",32409321,32457110,0.00085786,0.00085786,3.1355,25,428754,0.0008578600000000004
["HF"],"CPAMD8","19",17003762,17137625,0.00086242,0.00086242,3.1339,92,428754,0.0008624200000000004
["HF"],"LMCD1","3",8543493,8616354,0.0008857,0.0008857,3.1261,29,428754,0.0008857000000000005
["HF"],"KCP","7",128502096,128550773,0.00089153,0.00089153,3.1242,23,428754,0.0008915300000000004
["HF"],"SLC2A4RG","20",62371129,62375403,0.00089244,0.00089244,3.1239,4,428754,0.0008924400000000002
["HF"],"DRG2","17",17991206,18011284,0.00090305,0.00090305,3.1204,15,428754,0.0009030500000000003
["HF"],"MBD5","2",148778580,149274540,0.00090346,0.00090346,3.1203,69,428754,0.0009034600000000005
["HF"],"ARMC12","6",35704809,35716856,0.00090352,0.00090352,3.1202,17,428754,0.0009035200000000002
["HF"],"FUT4","11",94277006,94283064,0.00090886,0.00090886,3.1185,6,428754,0.00090886
["HF"],"SH2B3","12",111843727,111889427,0.0009125,0.0009125,3.1173,13,428754,0.0009124999999999998
["HF"],"ADAM19","5",156822542,157002783,0.00092466,0.00092466,3.1134,40,428754,0.0009246600000000003
["HF"],"SLC23A1","5",138702885,138720242,0.00094341,0.00094341,3.1075,12,428754,0.0009434100000000005
["HF"],"MIB2","1",1550795,1565990,0.00095129,0.00095129,3.105,16,428754,0.0009512900000000007
["HF"],"CDKN2C","1",51426417,51440306,0.00096008,0.00096008,3.1023,8,428754,0.0009600800000000004
["HF"],"KIZ","20",21106624,21227260,0.00096372,0.00096372,3.1012,22,428754,0.0009637199999999999
["HF"],"FAM149B1","10",74927877,75004262,0.00096579,0.00096579,3.1006,9,428754,0.0009657900000000004
["HF"],"ADAMTSL3","15",84322840,84708594,0.0009736,0.0009736,3.0982,59,428754,0.0009736000000000004
["HF"],"ZNF853","7",6655241,6663921,0.00098465,0.00098465,3.0948,4,428754,0.00098465
["HF"],"ATXN2","12",111881289,112037480,0.00098513,0.00098513,3.0947,19,428754,0.0009851300000000003
["HF"],"GJB7","6",87992698,88038996,0.00099142,0.00099142,3.0928,23,428754,0.0009914200000000005
["HF"],"ZNF440","19",11925088,11946031,0.0009938,0.0009938,3.0921,7,428754,0.0009937999999999998
["HF"],"ITIH3","3",52828784,52843025,0.00099448,0.00099448,3.0919,14,428754,0.0009944800000000007
["HF"],"PDHX","11",34937376,35042138,0.0010078,0.0010078,3.0879,21,428754,0.0010078
["HF"],"CRTAC1","10",99624757,99790585,0.0010361,0.0010361,3.0797,61,428754,0.0010361000000000003
["HF"],"SSH2","17",27952956,28257294,0.0010402,0.0010402,3.0785,35,428754,0.0010401999999999998
["HF"],"PFKFB1","X",54959394,55024967,0.0010505,0.0010505,3.0756,,3116,0.0010504999999999998
["HF"],"IFNGR2","21",34775719,34851655,0.0010526,0.0010526,3.075,17,428754,0.0010526000000000003
["HF"],"GLP1R","6",39016557,39059079,0.0010532,0.0010532,3.0748,37,428754,0.0010532000000000002
["HF"],"RTKN2","10",63942794,64028603,0.0010662,0.0010662,3.0711,23,428754,0.0010662000000000007
["HF"],"TMIGD2","19",4292229,4302428,0.0010681,0.0010681,3.0706,19,428754,0.0010681
["HF"],"GSDMB","17",38060848,38076107,0.0010884,0.0010884,3.065,7,428754,0.0010884000000000007
["HF"],"NME5","5",137450864,137475132,0.0010898,0.0010898,3.0646,17,428754,0.0010898000000000001
["HF"],"FGD4","12",32552463,32798984,0.0010946,0.0010946,3.0633,58,428754,0.0010945999999999998
["HF"],"KHK","2",27309615,27323630,0.0011003,0.0011003,3.0617,5,428754,0.0011003000000000002
["HF"],"ZYG11B","1",53192125,53293008,0.0011009,0.0011009,3.0616,25,428754,0.0011009000000000004
["HF"],"TMEM245","9",111777415,111882227,0.0011019,0.0011019,3.0613,33,428754,0.0011019
["HF"],"VKORC1","16",31102163,31107301,0.0011041,0.0011041,3.0607,4,428754,0.0011041
["HF"],"ZNF177","19",9473696,9493293,0.0011113,0.0011113,3.0587,7,428754,0.0011112999999999997
["HF"],"SLC50A1","1",155107820,155111333,0.0011134,0.0011134,3.0582,3,428754,0.0011134000000000007
["HF"],"EFNA1","1",155100352,155107375,0.0011405,0.0011405,3.051,5,428754,0.0011405000000000002
["HF"],"PLCB3","11",64019002,64036622,0.0011436,0.0011436,3.0502,14,428754,0.0011436000000000007
["HF"],"GIMAP2","7",150382785,150390729,0.0011448,0.0011448,3.0498,9,428754,0.0011448000000000005
["HF"],"CDC16","13",115000362,115038198,0.0011536,0.0011536,3.0475,17,428754,0.0011536
["HF"],"ZNF768","16",30535325,30538142,0.001158,0.001158,3.0464,2,428754,0.0011580000000000002
["HF"],"TMEM150A","2",85825670,85830319,0.0011856,0.0011856,3.0393,2,428754,0.0011856000000000006
["HF"],"ZFYVE21","14",104182067,104200005,0.0011878,0.0011878,3.0388,15,428754,0.0011877999999999997
["HF"],"NCALD","8",102698770,103137135,0.0011914,0.0011914,3.0378,106,428754,0.0011914000000000002
["HF"],"TNXB","6",32008930,32083111,0.0011932,0.0011932,3.0374,51,428754,0.0011932
["HF"],"TXNDC17","17",6544305,6547861,0.0012128,0.0012128,3.0325,6,428754,0.0012128
["HF"],"TYK2","19",10461205,10491248,0.0012222,0.0012222,3.0302,22,428754,0.0012222000000000005
["HF"],"CBX5","12",54624726,54673917,0.0012267,0.0012267,3.029,14,428754,0.0012267000000000007
["HF"],"SEL1L3","4",25749055,25865382,0.0012294,0.0012294,3.0284,72,428754,0.0012294000000000005
["HF"],"P4HA2","5",131525840,131631008,0.0012316,0.0012316,3.0278,23,428754,0.0012316000000000002
["HF"],"HMGCLL1","6",55299171,55443995,0.0012347,0.0012347,3.0271,31,428754,0.0012347000000000007
["HF"],"ATPAF2","17",17880723,17942523,0.0012561,0.0012561,3.0219,10,428754,0.0012561000000000007
["HF"],"LMF1","16",903634,1031318,0.0012565,0.0012565,3.0218,60,428754,0.0012565000000000005
["HF"],"CCDC117","22",29168662,29185289,0.0012574,0.0012574,3.0216,11,428754,0.0012574
["HF"],"TLE4","9",82186688,82341797,0.0012598,0.0012598,3.021,43,428754,0.0012597999999999997
["HF"],"ARPP21","3",35680437,35835988,0.0012685,0.0012685,3.0189,48,428754,0.0012685000000000003
["HF"],"NFKBIL1","6",31514647,31526606,0.0012811,0.0012811,3.0159,24,428754,0.001281100000000001
["HF"],"FZD2","17",42634852,42638630,0.001285,0.001285,3.015,5,428754,0.0012850000000000003
["HF"],"CAV1","7",116165048,116201233,0.0012954,0.0012954,3.0125,17,428754,0.0012954
["HF"],"WDR92","2",68350068,68384681,0.0012979,0.0012979,3.0119,17,428754,0.0012979000000000005
["HF"],"PHACTR2","6",143857982,144152322,0.0013013,0.0013013,3.0111,73,428754,0.0013012999999999998
["HF"],"CMIP","16",81478775,81745367,0.0013048,0.0013048,3.0103,148,428754,0.0013048000000000005
["HF"],"SPTLC2","14",77972340,78082980,0.0013148,0.0013148,3.008,51,428754,0.0013147999999999999
["HF"],"PPT2","6",32121218,32131455,0.0013176,0.0013176,3.0074,16,428754,0.0013176
["HF"],"TSPAN14","10",82213922,82292880,0.00132,0.00132,3.0068,40,428754,0.0013199999999999996
["HF"],"SLC8A1","2",40324410,40838193,0.0013327,0.0013327,3.0039,114,428754,0.001332700000000001
["HF"],"BACH1","21",30566392,31003071,0.0013392,0.0013392,3.0024,18,428754,0.0013391999999999998
["HF"],"TFAP2B","6",50786436,50815332,0.0013455,0.0013455,3.001,20,428754,0.0013454999999999997
["HF"],"POLR1A","2",86247339,86333278,0.0013466,0.0013466,3.0007,32,428754,0.0013466000000000003
["HF"],"ZNF3","7",99661656,99680171,0.0013481,0.0013481,3.0004,14,428754,0.0013481000000000003
["HF"],"TRMT10C","3",101280712,101285290,0.0013522,0.0013522,2.9995,6,428754,0.0013521999999999998
["HF"],"DPYD","1",97543299,98460556,0.0013543,0.0013543,2.999,145,428754,0.0013543000000000003
["HF"],"SV2B","15",91643180,91845795,0.0013599,0.0013599,2.9977,78,428754,0.0013599000000000005
["HF"],"MAGED2","X",54834032,54842448,0.0013674,0.0013674,2.9961,,3116,0.0013674000000000002
["HF"],"NPS","10",129347573,129351804,0.0013702,0.0013702,2.9955,7,428754,0.0013702000000000002
["HF"],"PTCD3","2",86333346,86369280,0.001375,0.001375,2.9944,24,428754,0.0013750000000000004
["HF"],"ETV2","19",36132647,36135773,0.0013845,0.0013845,2.9923,5,428754,0.0013845000000000005
["HF"],"RAP2B","3",152880015,152888416,0.0014059,0.0014059,2.9876,8,428754,0.0014059000000000005
["HF"],"MED31","17",6546631,6554954,0.0014122,0.0014122,2.9862,8,428754,0.0014122000000000002
["HF"],"TSNARE1","8",143293441,143484543,0.0014247,0.0014247,2.9835,58,428754,0.0014247000000000003
["HF"],"RBM27","5",145583168,145668786,0.0014277,0.0014277,2.9829,22,428754,0.0014277000000000003
["HF"],"AHRR","5",321874,438406,0.001429,0.001429,2.9826,56,428754,0.0014289999999999995
["HF"],"FBXO8","4",175157809,175204818,0.0014314,0.0014314,2.9821,27,428754,0.0014314000000000004
["HF"],"PDIA6","2",10923517,10978103,0.0014326,0.0014326,2.9818,23,428754,0.0014326000000000007
["HF"],"LIPJ","10",90346510,90366733,0.0014337,0.0014337,2.9816,9,428754,0.0014337000000000006
["HF"],"CYP4F2","19",15988833,16008887,0.0014399,0.0014399,2.9803,14,428754,0.0014399
["HF"],"ZNF559","19",9434448,9461838,0.0014566,0.0014566,2.9767,12,428754,0.0014566
["HF"],"GTF2H3","12",124118286,124147151,0.0014591,0.0014591,2.9762,17,428754,0.0014591000000000007
["HF"],"TNNT3","11",1940933,1959936,0.0014781,0.0014781,2.9723,26,428754,0.0014781000000000004
["HF"],"RESP18","2",220192129,220197899,0.0014823,0.0014823,2.9714,3,428754,0.0014823000000000006
["HF"],"DNAJC9","10",74943120,75007013,0.0014887,0.0014887,2.9701,2,428754,0.0014887000000000004
["HF"],"CTBP2","10",126672886,126849739,0.0014964,0.0014964,2.9685,100,428754,0.0014964000000000004
["HF"],"ZNF646","16",31085743,31095517,0.0015115,0.0015115,2.9654,6,428754,0.0015115000000000007
["HF"],"MARCKS","6",114178524,114184652,0.0015217,0.0015217,2.9633,6,428754,0.0015216999999999997
["HF"],"CISD3","17",36886594,36891858,0.0015295,0.0015295,2.9618,7,428754,0.001529500000000001
["HF"],"CYP46A1","14",100150635,100193638,0.0015333,0.0015333,2.961,27,428754,0.001533300000000001
["HF"],"SNTA1","20",31995763,32031569,0.0015364,0.0015364,2.9604,16,428754,0.0015364000000000003
["HF"],"CACYBP","1",174968300,174981163,0.0015385,0.0015385,2.9599,10,428754,0.0015385000000000004
["HF"],"NHP2","5",177576464,177580895,0.0015394,0.0015394,2.9598,4,428754,0.0015394000000000002
["HF"],"ITIH6","X",54775351,54824688,0.0015617,0.0015617,2.9553,,3116,0.001561700000000001
["HF"],"NAT8","2",73867850,73869549,0.0015676,0.0015676,2.9542,4,428754,0.001567600000000001
["HF"],"TAF6","7",99704693,99717464,0.001578,0.001578,2.9521,13,428754,0.0015780000000000006
["HF"],"SKOR1","15",68112042,68126920,0.0015788,0.0015788,2.952,10,428754,0.0015788000000000006
["HF"],"EGFL8","6",32132372,32136058,0.0015859,0.0015859,2.9506,5,428754,0.001585900000000001
["HF"],"GNRHR","4",68602836,68620106,0.0015865,0.0015865,2.9505,12,428754,0.0015864999999999998
["HF"],"CRIP3","6",43267448,43276564,0.0015895,0.0015895,2.9499,4,428754,0.0015895000000000002
["HF"],"HNRNPA1","12",54673977,54680872,0.0015974,0.0015974,2.9483,3,428754,0.0015974000000000001
["HF"],"OBP2B","9",136080664,136084637,0.0016024,0.0016024,2.9474,11,428754,0.0016023999999999997
["HF"],"LSM6","4",147096855,147121152,0.0016076,0.0016076,2.9464,7,428754,0.0016076
["HF"],"MTRNR2L7","10",37890368,37891902,0.0016275,0.0016275,2.9426,3,428754,0.0016275000000000007
["HF"],"PPP1R13B","14",104199532,104313912,0.0016319,0.0016319,2.9417,20,428754,0.001631900000000001
["HF"],"ZKSCAN1","7",99613195,99639312,0.00165,0.00165,2.9383,20,428754,0.001650000000000001
["HF"],"OR13D1","9",107456660,107457766,0.0016641,0.0016641,2.9357,4,428754,0.0016641000000000004
["HF"],"OCIAD1","4",48807229,48863834,0.0016728,0.0016728,2.9341,10,428754,0.0016728000000000008
["HF"],"ADCY4","14",24787555,24804299,0.0016838,0.0016838,2.932,17,428754,0.0016838
["HF"],"B9D2","19",41860322,41870070,0.0016965,0.0016965,2.9297,7,428754,0.001696500000000001
["HF"],"FAM131A","3",184053714,184066209,0.0017102,0.0017102,2.9272,14,428754,0.0017101999999999998
["HF"],"TMEM214","2",27255778,27264562,0.0017391,0.0017391,2.922,4,428754,0.0017391000000000004
["HF"],"UACA","15",70946893,71055897,0.001763,0.001763,2.9177,25,428754,0.0017630000000000007
["HF"],"KRTAP3-1","17",39164773,39175576,0.001763836469460828,0.001763836469460828,2.9175727965014215,,454411,0.0017638364694608282
["HF"],"CENPA","2",26987157,27023935,0.0017703,0.0017703,2.9164,5,428754,0.0017703
["HF"],"SLC45A1","1",8378174,8404227,0.0017716,0.0017716,2.9162,22,428754,0.0017716000000000006
["HF"],"LPAR5","12",6728001,6745126,0.0017904,0.0017904,2.9129,19,428754,0.0017903999999999995
["HF"],"PSMB6","17",4699439,4701797,0.0017931,0.0017931,2.9124,6,428754,0.0017931000000000002
["HF"],"ARMCX5","X",101854096,101859087,0.0018006,0.0018006,2.9111,,3116,0.0018005999999999999
["HF"],"AKAP13","15",85923802,86292589,0.0018073,0.0018073,2.91,53,428754,0.0018073000000000006
["HF"],"GALNT2","1",230193737,230417868,0.0018427,0.0018427,2.9039,84,428754,0.001842700000000001
["HF"],"SFTPB","2",85884437,85895864,0.0018436,0.0018436,2.9038,12,428754,0.0018436000000000008
["HF"],"CCDC185","1",223566757,223568807,0.001859,0.001859,2.9011,3,428754,0.001859
["HF"],"SYNC","1",33145507,33169197,0.0018632,0.0018632,2.9004,9,428754,0.0018632000000000002
["HF"],"SCRN1","7",29959720,30029905,0.0018794,0.0018794,2.8977,25,428754,0.0018793999999999998
["HF"],"CCDC186","10",115880621,115933991,0.0018998,0.0018998,2.8943,19,428754,0.0018998
["HF"],"EBF1","5",158122924,158526924,0.0019212,0.0019212,2.8908,77,428754,0.0019211999999999996
["HF"],"CXCL3","4",74902306,74904524,0.0019337,0.0019337,2.8888,3,428754,0.0019337000000000004
["HF"],"UBE2Z","17",46985769,47006418,0.0019341,0.0019341,2.8887,6,428754,0.0019341
["HF"],"SREBF1","17",17713713,17740325,0.0019345,0.0019345,2.8886,17,428754,0.0019345000000000002
["HF"],"WNT11","11",75897369,75921780,0.0019638,0.0019638,2.8839,23,428754,0.0019638000000000004
["HF"],"ITGA11","15",68588870,68724502,0.0019648,0.0019648,2.8838,82,428754,0.0019648000000000014
["HF"],"AMIGO3","3",49754262,49757117,0.0019667,0.0019667,2.8835,1,428754,0.001966700000000001
["HF"],"RPS6KB1","17",57970407,58027935,0.0019671,0.0019671,2.8834,20,428754,0.0019671000000000003
["HF"],"GNG11","7",93551047,93557922,0.001969,0.001969,2.8831,12,428754,0.001969
["HF"],"GML","8",143915663,143997922,0.0019693,0.0019693,2.883,11,428754,0.0019693000000000002
["HF"],"BNIP3L","8",26240570,26363152,0.0019696,0.0019696,2.883,23,428754,0.0019696000000000006
["HF"],"KAT8","16",31125810,31142714,0.0019714,0.0019714,2.8827,7,428754,0.0019714
["HF"],"FGD5","3",14852360,14976078,0.0019748,0.0019748,2.8822,39,428754,0.0019748
["HF"],"RSRC1","3",157823644,158263519,0.001978,0.001978,2.8816,26,428754,0.0019780000000000006
["HF"],"BHLHE41","12",26272963,26277970,0.001984,0.001984,2.8807,5,428754,0.0019840000000000005
["HF"],"TAF1A","1",222731244,222763275,0.0019857,0.0019857,2.8804,14,428754,0.001985700000000001
["HF"],"CDCA7L","7",21940517,21985521,0.0019861,0.0019861,2.8804,45,428754,0.001986100000000001
["HF"],"MST1R","3",49924435,49941306,0.0019931,0.0019931,2.8792,8,428754,0.0019931000000000003
["HF"],"KDM2B","12",121866899,122018928,0.0019997,0.0019997,2.8782,52,428754,0.0019997000000000014
["HF"],"PPFIA2","12",81651754,82153332,0.0020012,0.0020012,2.878,77,428754,0.0020012
["HF"],"RLF","1",40627059,40706593,0.0020112,0.0020112,2.8764,32,428754,0.0020112
["HF"],"BPTF","17",65821619,65980494,0.0020152,0.0020152,2.8758,22,428754,0.0020152000000000004
["HF"],"TOM1L2","17",17746825,17875736,0.0020157,0.0020157,2.8757,26,428754,0.0020157000000000013
["HF"],"RAB3B","1",52373628,52456372,0.0020294,0.0020294,2.8735,30,428754,0.0020294
["HF"],"XRN2","20",21283969,21370463,0.0020422,0.0020422,2.8716,23,428754,0.0020422
["HF"],"IQCB1","3",121488608,121553926,0.0020503,0.0020503,2.8703,18,428754,0.002050300000000001
["HF"],"NRIP1","21",16333556,16438257,0.0020613,0.0020613,2.8686,45,428754,0.002061300000000001
["HF"],"CC2D2A","4",15471489,15603175,0.0020623,0.0020623,2.8685,43,428754,0.0020622999999999996
["HF"],"MTIF3","13",28009780,28024728,0.0020652,0.0020652,2.868,15,428754,0.0020652
["HF"],"CAMK2N2","3",183977001,183979341,0.0020769,0.0020769,2.8662,3,428754,0.002076900000000001
["HF"],"ZGPAT","20",62338817,62367494,0.002079,0.002079,2.8659,16,428754,0.002079
["HF"],"WNK2","9",95947198,96082854,0.0020923,0.0020923,2.8639,51,428754,0.0020923000000000005
["HF"],"RNMT","18",13726659,13764555,0.0020955,0.0020955,2.8634,20,428754,0.0020955
["HF"],"ST7L","1",113066136,113163447,0.0020989,0.0020989,2.8629,24,428754,0.0020989000000000003
["HF"],"GGNBP2","17",34900761,34946278,0.0020991,0.0020991,2.8629,19,428754,0.0020990999999999996
["HF"],"ZNF366","5",71735730,71803237,0.0021039,0.0021039,2.8622,31,428754,0.0021039000000000014
["HF"],"MAP3K5","6",136878184,137113615,0.0021133,0.0021133,2.8607,61,428754,0.0021133
["HF"],"LMX1B","9",129376207,129463311,0.0021545,0.0021545,2.8546,49,428754,0.0021545000000000006
["HF"],"RAB11FIP3","16",475649,573011,0.002163,0.002163,2.8534,38,428754,0.002163000000000001
["HF"],"MAST2","1",46252659,46501794,0.002187,0.002187,2.8499,24,428754,0.0021870000000000006
["HF"],"VWA2","10",115999013,116054248,0.0022047,0.0022047,2.8473,39,428754,0.002204700000000001
["HF"],"COQ4","9",131084823,131096351,0.0022189,0.0022189,2.8452,10,428754,0.0022189000000000006
["HF"],"PTPMT1","11",47586982,47595013,0.0022228,0.0022228,2.8447,7,428754,0.0022228
["HF"],"MTA3","2",42721709,42984087,0.0022402,0.0022402,2.8422,36,428754,0.002240200000000001
["HF"],"TRO","X",54946895,54957864,0.0022444,0.0022444,2.8416,,3116,0.0022444
["HF"],"PIK3C3","18",39535199,39667794,0.0022599,0.0022599,2.8394,20,428754,0.0022599000000000013
["HF"],"CGREF1","2",27321757,27341996,0.0022621,0.0022621,2.8391,10,428754,0.0022621
["HF"],"CAV2","7",115927434,116148595,0.0022659,0.0022659,2.8386,6,428754,0.0022659
["HF"],"ZBTB34","9",129622944,129648157,0.0022743,0.0022743,2.8374,14,428754,0.0022743
["HF"],"HLA-B","6",31321649,31324965,0.0022799,0.0022799,2.8366,36,428754,0.0022798999999999996
["HF"],"RNF11","1",51701945,51739119,0.0022885,0.0022885,2.8354,12,428754,0.002288500000000001
["HF"],"HIVEP2","6",143072606,143277835,0.0022911,0.0022911,2.835,61,428754,0.0022910999999999995
["HF"],"HNRNPD","4",83273651,83295656,0.0023292,0.0023292,2.8298,8,428754,0.0023291999999999996
["HF"],"HPS6","10",103825106,103827793,0.0023398,0.0023398,2.8283,4,428754,0.0023398
["HF"],"SLC4A7","3",27414212,27525911,0.0023405,0.0023405,2.8282,32,428754,0.0023405000000000014
["HF"],"PCNT","21",47744055,47865682,0.0023426,0.0023426,2.8279,37,428754,0.0023426
["HF"],"CKS1B","1",154947129,154951727,0.0023473,0.0023473,2.8273,4,428754,0.0023473
["HF"],"ERBB2","17",37844167,37886679,0.002355,0.002355,2.8262,16,428754,0.002355
["HF"],"HCLS1","3",121350246,121379774,0.0023564,0.0023564,2.826,15,428754,0.0023564000000000007
["HF"],"NUDT13","10",74870133,74891586,0.0023739,0.0023739,2.8237,5,428754,0.0023739
["HF"],"RASGRP2","11",64494383,64512928,0.0023926,0.0023926,2.8211,13,428754,0.0023926000000000012
["HF"],"RYR1","19",38924331,39078204,0.0023944,0.0023944,2.8209,58,428754,0.002394400000000002
["HF"],"MYOT","5",137203547,137223540,0.0024015,0.0024015,2.82,11,428754,0.0024014999999999996
["HF"],"RPRD2","1",150335567,150449042,0.0024207,0.0024207,2.8174,25,428754,0.0024206999999999996
["HF"],"LRRC1","6",53659295,53788923,0.0024209,0.0024209,2.8174,25,428754,0.0024209000000000006
["HF"],"SHROOM3","4",77356382,77704406,0.0024252,0.0024252,2.8168,76,428754,0.0024252000000000006
["HF"],"ANKRD13B","17",27916787,27941779,0.0024265,0.0024265,2.8166,16,428754,0.0024264999999999994
["HF"],"BRD8","5",137475459,137514642,0.0024676,0.0024676,2.8112,21,428754,0.002467600000000001
["HF"],"MST1","3",49721380,49726934,0.0024936,0.0024936,2.8079,4,428754,0.0024936000000000003
["HF"],"MNX1","7",156786745,156803357,0.0024997,0.0024997,2.8071,6,428754,0.002499700000000001
["HF"],"SPATA18","4",52917470,52963465,0.0025174,0.0025174,2.8048,18,428754,0.002517400000000001
["HF"],"LAMA2","6",129204283,129837711,0.0025378,0.0025378,2.8022,101,428754,0.002537800000000001
["HF"],"ACAD8","11",134123442,134135749,0.0025425,0.0025425,2.8016,11,428754,0.002542499999999999
["HF"],"B3GALT2","1",193147860,193155743,0.0025655,0.0025655,2.7987,5,428754,0.0025655000000000014
["HF"],"PXMP4","20",32290564,32308125,0.0025776,0.0025776,2.7972,10,428754,0.002577600000000001
["HF"],"FBXO38","5",147763498,147822399,0.0025806,0.0025806,2.7968,14,428754,0.0025806
["HF"],"ABCD4","14",74751972,74769758,0.0026038,0.0026038,2.7939,7,428754,0.002603800000000001
["HF"],"PSMD2","3",184016986,184026838,0.0026163,0.0026163,2.7924,7,428754,0.0026162999999999994
["HF"],"DNAH3","16",20944433,21170762,0.0026208,0.0026208,2.7918,46,428754,0.002620800000000001
["HF"],"ZFP92","X",152683780,152691939,0.0026371,0.0026371,2.7898,,3116,0.0026371000000000003
["HF"],"NUP62","19",50410082,50433020,0.0026673,0.0026673,2.7861,24,428754,0.0026673000000000005
["HF"],"FBXO30","6",146114638,146135931,0.0026992,0.0026992,2.7823,12,428754,0.0026991999999999993
["HF"],"UROC1","3",126200009,126236616,0.0026992,0.0026992,2.7822,49,428754,0.0026991999999999993
["HF"],"KNCN","1",47011313,47017319,0.0027077,0.0027077,2.7812,9,428754,0.0027077
["HF"],"PRAME","22",22890123,22901768,0.0027548,0.0027548,2.7756,10,428754,0.0027547999999999995
["HF"],"UPF3B","X",118939274,118986961,0.0027554,0.0027554,2.7755,,3116,0.002755400000000001
["HF"],"QPCTL","19",46195661,46207247,0.0027567,0.0027567,2.7754,11,428754,0.0027567000000000004
["HF"],"PRPF3","1",150293928,150325709,0.0027884,0.0027884,2.7717,21,428754,0.0027884000000000003
["HF"],"SGSM2","17",2240792,2284352,0.002794,0.002794,2.771,33,428754,0.0027939999999999996
["HF"],"ZMPSTE24","1",40723713,40759852,0.002808,0.002808,2.7694,14,428754,0.0028080000000000015
["HF"],"APOA4","11",116691416,116694020,0.0028277,0.0028277,2.7671,9,428754,0.002827700000000001
["HF"],"OR4P4","11",55402589,55407785,0.0028489,0.0028489,2.7647,1,428754,0.002848900000000001
["HF"],"VAMP5","2",85811554,85820529,0.0028564,0.0028564,2.7638,7,428754,0.0028564000000000003
["HF"],"LGR4","11",27387508,27494337,0.002866,0.002866,2.7627,37,428754,0.002866
["HF"],"FOXN3","14",89591215,90085493,0.0028865,0.0028865,2.7604,182,428754,0.0028865000000000006
["HF"],"COLEC10","8",120007691,120120694,0.0029017,0.0029017,2.7587,32,428754,0.0029017000000000005
["HF"],"NUP93","16",56764030,56884198,0.0029029,0.0029029,2.7586,37,428754,0.0029028999999999995
["HF"],"CCDC181","1",169364108,169429907,0.0029049,0.0029049,2.7583,26,428754,0.0029049000000000015
["HF"],"CDKN2A","9",21967751,21995300,0.0029171,0.0029171,2.757,17,428754,0.0029171
["HF"],"KDM3B","5",137688374,137772717,0.0029267,0.0029267,2.7559,37,428754,0.002926700000000001
["HF"],"RAC1","7",6414158,6443598,0.0029283,0.0029283,2.7557,32,428754,0.0029283000000000013
["HF"],"KIF1C","17",4901245,4931696,0.0029544,0.0029544,2.7528,26,428754,0.002954400000000002
["HF"],"SULT1C4","2",108994367,109005445,0.0029795,0.0029795,2.75,7,428754,0.002979500000000001
["HF"],"ALDH1L1","3",125822405,125916837,0.0029964,0.0029964,2.7482,43,428754,0.0029964000000000015
["HF"],"PARP12","7",139723549,139762751,0.0030014,0.0030014,2.7476,27,428754,0.0030014
["HF"],"ATF6B","6",32083041,32096030,0.0030082,0.0030082,2.7469,18,428754,0.0030082000000000012
["HF"],"KIAA0753","17",6481467,6544031,0.0030206,0.0030206,2.7455,23,428754,0.003020600000000002
["HF"],"FES","15",91426925,91439006,0.0030279,0.0030279,2.7447,12,428754,0.0030279
["HF"],"GTF3C1","16",27470876,27561234,0.0030476,0.0030476,2.7426,22,428754,0.003047600000000002
["HF"],"SPEN","1",16162590,16266951,0.0030681,0.0030681,2.7404,34,428754,0.0030681000000000007
["HF"],"HOXC4","12",54410715,54449814,0.0030707,0.0030707,2.7401,25,428754,0.0030707
["HF"],"GRID2IP","7",6537093,6591067,0.003071,0.003071,2.7401,49,428754,0.0030710000000000017
["HF"],"SRSF3","6",36562130,36573377,0.0030969,0.0030969,2.7373,7,428754,0.0030969
["HF"],"CACNA1D","3",53362990,53847760,0.0031066,0.0031066,2.7363,107,428754,0.003106600000000002
["HF"],"KLHL25","15",86302557,86338156,0.0031241,0.0031241,2.7345,36,428754,0.0031241000000000007
["HF"],"CABLES2","20",60963688,60982341,0.0031463,0.0031463,2.7321,20,428754,0.0031463
["HF"],"ALX4","11",44281990,44331689,0.0031489,0.0031489,2.7319,49,428754,0.0031489000000000005
["HF"],"ZNF699","19",9401816,9420514,0.0031523,0.0031523,2.7315,9,428754,0.003152300000000001
["HF"],"CD27","12",6554121,6560884,0.0031674,0.0031674,2.7299,15,428754,0.003167400000000001
["HF"],"ARMCX3","X",100877787,100882833,0.0031918,0.0031918,2.7274,,3116,0.0031918000000000016
["HF"],"EIF2AK2","2",37326353,37384208,0.0031949,0.0031949,2.7271,25,428754,0.0031949
["HF"],"DCBLD1","6",117774980,117891021,0.0031998,0.0031998,2.7266,36,428754,0.003199800000000001
["HF"],"ENTPD6","20",25176329,25208711,0.0032027,0.0032027,2.7263,25,428754,0.0032027
["HF"],"NCEH1","3",172348039,172429008,0.0032043,0.0032043,2.7261,58,428754,0.003204300000000001
["HF"],"IL4I1","19",50392911,50432796,0.0032235,0.0032235,2.7241,37,428754,0.0032235
["HF"],"GLT8D1","3",52728504,52740048,0.0032307,0.0032307,2.7234,6,428754,0.0032307
["HF"],"VWA5B2","3",183948217,183960117,0.0032545,0.0032545,2.721,7,428754,0.003254500000000002
["HF"],"HOXD8","2",176994422,176997423,0.0032799,0.0032799,2.7184,3,428754,0.0032799000000000023
["HF"],"HAGHL","16",776936,785525,0.0033012,0.0033012,2.7163,4,428754,0.0033012000000000007
["HF"],"LPA","6",160952514,161085307,0.0033056,0.0033056,2.7158,41,428754,0.0033056000000000006
["HF"],"FCGRT","19",50010073,50029685,0.0033188,0.0033188,2.7145,7,428754,0.0033188000000000002
["HF"],"PPP1R14A","19",38741877,38747172,0.0033449,0.0033449,2.7119,8,428754,0.0033449000000000013
["HF"],"RNF225","19",58907457,58908446,0.0033518,0.0033518,2.7112,2,428754,0.0033518000000000003
["HF"],"TRMT112","11",64083932,64085031,0.0033763,0.0033763,2.7088,2,428754,0.0033763
["HF"],"THOC5","22",29901868,29951205,0.0034004,0.0034004,2.7064,26,428754,0.0034004000000000018
["HF"],"ECD","10",74889913,74928813,0.003411,0.003411,2.7054,8,428754,0.0034110000000000013
["HF"],"SGIP1","1",66999066,67216822,0.0034214,0.0034214,2.7044,29,428754,0.0034213999999999994
["HF"],"ANP32B","9",100745623,100778225,0.0034222,0.0034222,2.7043,22,428754,0.0034222000000000015
["HF"],"EBF2","8",25699241,25902929,0.0034236,0.0034236,2.7042,106,428754,0.0034236000000000015
["HF"],"USP46","4",53457126,53525468,0.0034344,0.0034344,2.7031,11,428754,0.0034343999999999998
["HF"],"AKR1A1","1",46016215,46035721,0.0034499,0.0034499,2.7016,13,428754,0.0034499
["HF"],"SAP18","13",21714653,21723223,0.0034606,0.0034606,2.7006,9,428754,0.003460600000000002
["HF"],"ZBTB8OS","1",33065773,33116504,0.0034606,0.0034606,2.7006,12,428754,0.003460600000000002
["HF"],"LTN1","21",30300466,30365277,0.0034906,0.0034906,2.6977,25,428754,0.0034906
["HF"],"BNIP1","5",172571445,172591390,0.003498,0.003498,2.697,17,428754,0.0034980000000000002
["HF"],"C2CD4D","1",151810295,151813033,0.0035282,0.0035282,2.6942,2,428754,0.0035282000000000013
["HF"],"MRPS16","10",75008601,75012451,0.0035394,0.0035394,2.6931,3,428754,0.0035394000000000007
["HF"],"APEH","3",49711447,49721404,0.0035469,0.0035469,2.6924,4,428754,0.003546900000000002
["HF"],"ZNF133","20",18268927,18297640,0.0035563,0.0035563,2.6915,21,428754,0.0035563000000000014
["HF"],"MPHOSPH10","2",71357762,71377231,0.0035576,0.0035576,2.6914,13,428754,0.0035575999999999997
["HF"],"SLC1A7","1",53552851,53608310,0.0035722,0.0035722,2.69,48,428754,0.0035722
["HF"],"ADCYAP1","18",904872,912173,0.0035834,0.0035834,2.689,20,428754,0.0035834000000000018
["HF"],"CDC73","1",193091113,193223945,0.0036118,0.0036118,2.6864,21,428754,0.0036118000000000022
["HF"],"NID1","1",236139130,236228409,0.0036192,0.0036192,2.6857,49,428754,0.0036192000000000017
["HF"],"ASIC3","7",150745379,150749843,0.0036202,0.0036202,2.6856,8,428754,0.003620200000000002
["HF"],"RAB5C","17",40276996,40307062,0.0036249,0.0036249,2.6851,12,428754,0.0036249
["HF"],"CALN1","7",71244476,71912136,0.0036368,0.0036368,2.684,90,428754,0.003636800000000002
["HF"],"SEPSECS","4",25121636,25162071,0.003637,0.003637,2.684,27,428754,0.0036370000000000018
["HF"],"HAUS7","X",152713124,152760974,0.0036373,0.0036373,2.684,,3116,0.003637300000000002
["HF"],"SLC25A46","5",110073837,110100861,0.0036384,0.0036384,2.6839,20,428754,0.0036384000000000013
["HF"],"HOXA3","7",27145803,27192200,0.0036437,0.0036437,2.6834,15,428754,0.0036437000000000006
["HF"],"RASGRP3","2",33661391,33789817,0.0036576,0.0036576,2.6821,91,428754,0.003657600000000002
["HF"],"UGT2B15","4",69512315,69536370,0.0036769,0.0036769,2.6804,32,428754,0.0036769
["HF"],"P4HA1","10",74766975,74856732,0.0037118,0.0037118,2.6772,14,428754,0.003711800000000001
["HF"],"GATAD1","7",92076796,92089389,0.0037122,0.0037122,2.6772,8,428754,0.0037121999999999997
["HF"],"TMEM8B","9",35814448,35865515,0.003715,0.003715,2.6769,18,428754,0.003715
["HF"],"PRAM1","19",8554940,8567524,0.0037335,0.0037335,2.6753,17,428754,0.0037335000000000016
["HF"],"VEGFB","11",64002056,64006736,0.0037405,0.0037405,2.6746,7,428754,0.0037405
["HF"],"CMTM3","16",66637777,66647795,0.0037637,0.0037637,2.6726,11,428754,0.0037636999999999996
["HF"],"FRYL","4",48499374,48782339,0.0038274,0.0038274,2.6669,32,428754,0.0038274
["HF"],"ANKRD44","2",197831741,198175897,0.0038435,0.0038435,2.6655,84,428754,0.0038434999999999997
["HF"],"P2RY2","11",72929326,72953472,0.0038464,0.0038464,2.6653,23,428754,0.0038464000000000003
["HF"],"EPN2","17",19118928,19240028,0.0038574,0.0038574,2.6643,18,428754,0.0038574000000000017
["HF"],"HSPA12B","20",3713332,3733758,0.0038577,0.0038577,2.6643,15,428754,0.003857700000000002
["HF"],"DOK2","8",21766384,21771201,0.0038675,0.0038675,2.6634,6,428754,0.003867500000000002
["HF"],"ZNRF3","22",29279560,29453476,0.0038714,0.0038714,2.6631,39,428754,0.003871400000000002
["HF"],"CASR","3",121902515,122010476,0.0038719,0.0038719,2.663,35,428754,0.003871900000000002
["HF"],"FAM53C","5",137667624,137685418,0.0038859,0.0038859,2.6618,10,428754,0.0038859000000000007
["HF"],"TK2","16",66541906,66586447,0.0039014,0.0039014,2.6605,12,428754,0.0039014000000000006
["HF"],"HIC1","17",1957448,1966535,0.0039033,0.0039033,2.6603,6,428754,0.0039033
["HF"],"SECISBP2L","15",49280673,49338644,0.0039063,0.0039063,2.6601,19,428754,0.0039063
["HF"],"ZYG11A","1",53308183,53360670,0.003917,0.003917,2.6591,23,428754,0.003917000000000003
["HF"],"ACTN1","14",69340845,69446157,0.0039193,0.0039193,2.6589,58,428754,0.003919300000000002
["HF"],"MATR3","5",138629363,138667366,0.0039289,0.0039289,2.6581,17,428754,0.003928900000000001
["HF"],"HS3ST3A1","17",13397349,13505246,0.0039393,0.0039393,2.6572,53,428754,0.003939300000000001
["HF"],"CAMKV","3",49895421,49907368,0.003962,0.003962,2.6553,6,428754,0.003962
["HF"],"SSC4D","7",76018651,76039014,0.0039879,0.0039879,2.6531,15,428754,0.0039879
["HF"],"ZC3H4","19",47567444,47617033,0.0039966,0.0039966,2.6524,23,428754,0.003996600000000001
["HF"],"ADARB2","10",1223253,1779719,0.0040201,0.0040201,2.6504,233,428754,0.004020100000000002
["HF"],"PNO1","2",68385020,68403370,0.0040402,0.0040402,2.6487,15,428754,0.004040200000000002
["HF"],"KIF6","6",39297766,39693184,0.0040506,0.0040506,2.6478,83,428754,0.0040506000000000006
["HF"],"MAT1A","10",82031576,82049414,0.0040604,0.0040604,2.647,17,428754,0.004060400000000002
["HF"],"ITGAL","16",30483979,30534888,0.0040791,0.0040791,2.6455,30,428754,0.0040791000000000004
["HF"],"MAP7D3","X",135295379,135338641,0.0040989,0.0040989,2.6438,,3116,0.0040989000000000025
["HF"],"RPL9","4",39454207,39460551,0.0041206,0.0041206,2.642,8,428754,0.004120600000000003
["HF"],"SHPRH","6",146185381,146285559,0.0041494,0.0041494,2.6397,18,428754,0.0041494
["HF"],"SH3PXD2A","10",105353784,105615301,0.0041765,0.0041765,2.6375,87,428754,0.004176500000000001
["HF"],"FAM193A","4",2538374,2734300,0.004186,0.004186,2.6367,37,428754,0.004186000000000002
["HF"],"ZNF397","18",32820994,32847097,0.0041934,0.0041934,2.6361,13,428754,0.004193400000000002
["HF"],"TMEM119","12",108983627,108992096,0.0041976,0.0041976,2.6357,14,428754,0.004197600000000001
["HF"],"MXRA8","1",1288069,1297157,0.0041999,0.0041999,2.6356,10,428754,0.004199900000000002
["HF"],"ZFR2","19",3804022,3869036,0.0042009,0.0042009,2.6355,32,428754,0.004200900000000001
["HF"],"SLC22A7","6",43263432,43273276,0.0042048,0.0042048,2.6352,7,428754,0.0042048000000000025
["HF"],"ZNF668","16",31072164,31085561,0.0042248,0.0042248,2.6336,8,428754,0.004224800000000002
["HF"],"POLK","5",74807581,74896969,0.0042332,0.0042332,2.6329,30,428754,0.004233200000000003
["HF"],"OR4C46","11",51515282,51516211,0.00424,0.00424,2.6323,3,428754,0.00424
["HF"],"OR2A5","7",143746041,143755938,0.0042447,0.0042447,2.632,2,428754,0.004244699999999999
["HF"],"RGS10","10",121259329,121302231,0.0042476,0.0042476,2.6317,32,428754,0.0042476000000000015
["HF"],"FAM118A","22",45704849,45737836,0.0042555,0.0042555,2.6311,18,428754,0.0042555
["HF"],"LST1","6",31553901,31556686,0.0042576,0.0042576,2.6309,11,428754,0.004257599999999999
["HF"],"SLC7A1","13",30083551,30169825,0.0042637,0.0042637,2.6304,33,428754,0.004263699999999999
["HF"],"ZNF491","19",11908482,11920437,0.0042689,0.0042689,2.63,6,428754,0.0042689000000000026
["HF"],"HSD17B6","12",57145945,57181574,0.0042816,0.0042816,2.629,19,428754,0.004281600000000003
["HF"],"ZNF266","19",9523137,9546247,0.0042816,0.0042816,2.629,6,428754,0.004281600000000003
["HF"],"SBF2","11",9800214,10315766,0.0042837,0.0042837,2.6288,51,428754,0.0042837000000000005
["HF"],"ATP1B1","1",169074935,169101960,0.0042839,0.0042839,2.6288,28,428754,0.004283900000000002
["HF"],"COL16A1","1",32117864,32169920,0.0042853,0.0042853,2.6287,33,428754,0.0042853000000000014
["HF"],"MAP3K7CL","21",30449792,30548210,0.0042963,0.0042963,2.6278,31,428754,0.004296300000000003
["HF"],"TMEM232","5",109624934,110074657,0.0043115,0.0043115,2.6267,39,428754,0.004311500000000001
["HF"],"COL4A1","13",110801310,110959504,0.0043135,0.0043135,2.6265,112,428754,0.004313499999999999
["HF"],"PPP3R1","2",68405989,68483369,0.0043174,0.0043174,2.6262,25,428754,0.0043174
["HF"],"AHSA1","14",77924213,77935815,0.0043288,0.0043288,2.6253,11,428754,0.004328800000000002
["HF"],"HSCB","22",29138027,29153503,0.0043418,0.0043418,2.6243,13,428754,0.004341799999999999
["HF"],"DMWD","19",46286205,46296103,0.0043437,0.0043437,2.6241,9,428754,0.0043437
["HF"],"CLN8","8",1703944,1749877,0.0043543,0.0043543,2.6233,16,428754,0.004354300000000003
["HF"],"CPSF4","7",99036545,99054996,0.0043694,0.0043694,2.6221,12,428754,0.004369400000000001
["HF"],"RUNX2","6",45295894,45632086,0.0043715,0.0043715,2.6219,74,428754,0.004371500000000003
["HF"],"SCAMP4","19",1905371,1926012,0.0043735,0.0043735,2.6218,19,428754,0.0043735
["HF"],"CFB","6",31913427,31919861,0.0044033,0.0044033,2.6195,15,428754,0.004403299999999999
["HF"],"MZF1","19",59073298,59084942,0.0044283,0.0044283,2.6175,16,428754,0.0044283000000000005
["HF"],"SWAP70","11",9685624,9774540,0.0044349,0.0044349,2.617,22,428754,0.004434900000000002
["HF"],"GOLGA2","9",131018108,131038274,0.0044414,0.0044414,2.6165,7,428754,0.0044414
["HF"],"RNF103","2",86830521,86850989,0.0044465,0.0044465,2.6161,14,428754,0.004446499999999999
["HF"],"KLHL38","8",124657767,124665190,0.0044509,0.0044509,2.6158,11,428754,0.0044509000000000016
["HF"],"CDH16","16",66942025,66952820,0.0044745,0.0044745,2.614,9,428754,0.004474500000000002
["HF"],"MACROD2","20",13976015,16033842,0.0044775,0.0044775,2.6138,379,428754,0.0044775000000000014
["HF"],"PES1","22",30972612,31003070,0.0045436,0.0045436,2.6088,28,428754,0.004543600000000003
["HF"],"AGPAT3","21",45285104,45407473,0.0045634,0.0045634,2.6073,58,428754,0.004563400000000001
["HF"],"UBE2E2","3",23244511,23633285,0.0045759,0.0045759,2.6063,32,428754,0.004575900000000002
["HF"],"EIF2B1","12",124104953,124118313,0.0045795,0.0045795,2.6061,10,428754,0.004579500000000002
["HF"],"KDM3A","2",86667770,86719839,0.0045942,0.0045942,2.605,22,428754,0.004594200000000001
["HF"],"CCDC82","11",96085933,96123120,0.0045956,0.0045956,2.6049,25,428754,0.004595600000000002
["HF"],"GAL3ST4","7",99756867,99766240,0.0046087,0.0046087,2.6039,9,428754,0.004608699999999999
["HF"],"TIAL1","10",121331314,121356541,0.0046102,0.0046102,2.6038,14,428754,0.0046102
["HF"],"SLC22A5","5",131705402,131731305,0.0046202,0.0046202,2.603,14,428754,0.004620199999999999
["HF"],"BICC1","10",60272632,60591195,0.0046364,0.0046364,2.6018,60,428754,0.004636399999999999
["HF"],"SMAD3","15",67356101,67487507,0.0046455,0.0046455,2.6012,71,428754,0.004645500000000003
["HF"],"RNF126","19",647526,663233,0.0046461,0.0046461,2.6011,29,428754,0.004646099999999999
["HF"],"NES","1",156638555,156647199,0.0046731,0.0046731,2.5991,6,428754,0.0046730999999999995
["HF"],"LINGO2","9",27948076,28670284,0.0046878,0.0046878,2.598,229,428754,0.0046878000000000015
["HF"],"CORO6","17",27941774,27949925,0.0047253,0.0047253,2.5953,7,428754,0.004725299999999999
["HF"],"NHLH2","1",116378998,116386538,0.0047301,0.0047301,2.595,7,428754,0.0047301
["HF"],"ARHGAP19","10",98981930,99052430,0.0047306,0.0047306,2.5949,24,428754,0.004730600000000002
["HF"],"GLRX2","1",193059996,193075244,0.004741,0.004741,2.5942,8,428754,0.004741000000000002
["HF"],"UCHL5","1",192981380,193029210,0.0047456,0.0047456,2.5938,12,428754,0.004745600000000003
["HF"],"ALPL","1",21835890,21904903,0.0047498,0.0047498,2.5935,43,428754,0.004749800000000003
["HF"],"MAZ","16",29817427,29822485,0.0047624,0.0047624,2.5926,2,428754,0.004762400000000002
["HF"],"PAGE2","X",55115451,55119275,0.0047797,0.0047797,2.5914,,3116,0.004779700000000002
["HF"],"SLC4A8","12",51785101,51909547,0.0047843,0.0047843,2.591,29,428754,0.0047843
["HF"],"PRIM1","12",57125080,57146158,0.0047858,0.0047858,2.5909,11,428754,0.004785800000000001
["HF"],"ASAP3","1",23755056,23811061,0.0047898,0.0047898,2.5906,27,428754,0.004789800000000001
["HF"],"ZFP36","19",39897487,39900052,0.0048097,0.0048097,2.5892,2,428754,0.004809700000000002
["HF"],"PNMT","17",37824234,37826728,0.0048116,0.0048116,2.5891,3,428754,0.0048116
["HF"],"BCKDK","16",31117428,31124112,0.0048262,0.0048262,2.588,2,428754,0.004826200000000002
["HF"],"BAZ1A","14",35221937,35344853,0.0048448,0.0048448,2.5867,30,428754,0.004844799999999999
["HF"],"PRSS8","16",31142754,31147048,0.0048576,0.0048576,2.5858,4,428754,0.004857600000000003
["HF"],"SLC11A2","12",51373184,51422349,0.004872,0.004872,2.5848,15,428754,0.0048720000000000005
["HF"],"GIMAP6","7",150322463,150329736,0.0048733,0.0048733,2.5847,7,428754,0.0048733
["HF"],"ARL14","3",160394948,160396236,0.0048831,0.0048831,2.584,2,428754,0.004883100000000001
["HF"],"ADAMTS4","1",161154092,161168844,0.0048889,0.0048889,2.5836,12,428754,0.004888900000000001
["HF"],"FAM168B","2",131805449,131851033,0.0048918,0.0048918,2.5834,11,428754,0.004891800000000001
["HF"],"NT5C3A","7",33053726,33102409,0.0049067,0.0049067,2.5823,20,428754,0.0049067
["HF"],"GRAP","17",18923969,18950324,0.0049187,0.0049187,2.5815,7,428754,0.004918700000000002
["HF"],"CLEC14A","14",38723205,38725298,0.0049307,0.0049307,2.5807,2,428754,0.004930699999999999
["HF"],"RND3","2",151324709,151395525,0.0049467,0.0049467,2.5795,14,428754,0.0049467
["HF"],"ARL4D","17",41476361,41478505,0.0049575,0.0049575,2.5788,3,428754,0.004957500000000003
["HF"],"OR4A16","11",55110627,55111707,0.0049719,0.0049719,2.5778,3,428754,0.004971900000000002
["HF"],"WSCD1","17",5961127,6027747,0.0049729,0.0049729,2.5777,72,428754,0.004972899999999999
["HF"],"CCDC43","17",42750437,42767147,0.004983,0.004983,2.577,6,428754,0.0049830000000000004
["HF"],"RNF5","6",32146182,32148570,0.0049889,0.0049889,2.5766,4,428754,0.004988900000000003
["HF"],"DBH","9",136501485,136524451,0.0049958,0.0049958,2.5761,39,428754,0.0049958000000000025
["HF"],"TBX6","16",30097114,30103245,0.005006,0.005006,2.5754,9,428754,0.005006000000000001
["HF"],"ZIC2","13",100634038,100639019,0.0050302,0.0050302,2.5737,4,428754,0.0050302
["HF"],"TLN1","9",35696945,35732192,0.0050345,0.0050345,2.5735,15,428754,0.005034500000000002
["HF"],"NANS","9",100819014,100845359,0.0050403,0.0050403,2.5731,14,428754,0.0050403
["HF"],"SDS","12",113830250,113864106,0.0050626,0.0050626,2.5715,11,428754,0.0050626
["HF"],"KCNMB4","12",70760070,70828072,0.0050921,0.0050921,2.5695,34,428754,0.0050921
["HF"],"FDX1","11",110300672,110335608,0.0050978,0.0050978,2.5691,22,428754,0.005097800000000001
["HF"],"NUDC","1",27226729,27273362,0.0050978,0.0050978,2.5691,17,428754,0.005097800000000001
["HF"],"FCRLB","1",161691353,161697933,0.0051047,0.0051047,2.5687,13,428754,0.005104700000000001
["HF"],"CAPZA1","1",113162427,113214238,0.0051189,0.0051189,2.5677,14,428754,0.0051189
["HF"],"TMEM240","1",1470158,1476004,0.0051313,0.0051313,2.5669,10,428754,0.005131300000000002
["HF"],"MBD2","18",51677976,51751039,0.0051316,0.0051316,2.5668,30,428754,0.005131600000000003
["HF"],"APIP","11",34874641,34937926,0.0051427,0.0051427,2.5661,16,428754,0.005142700000000001
["HF"],"SPOP","17",47676246,47755525,0.0051497,0.0051497,2.5656,42,428754,0.005149700000000001
["HF"],"PSRC1","1",109822178,109825808,0.00515,0.00515,2.5656,9,428754,0.005150000000000001
["HF"],"BLZF1","1",169337208,169365778,0.0051682,0.0051682,2.5644,17,428754,0.005168200000000001
["HF"],"NEUROD1","2",182537815,182545274,0.0051789,0.0051789,2.5637,2,428754,0.0051789
["HF"],"RAI1","17",17584772,17714767,0.005181,0.005181,2.5635,44,428754,0.005180999999999999
["HF"],"GADD45G","9",92219927,92221470,0.0052212,0.0052212,2.5608,4,428754,0.0052212000000000005
["HF"],"SVIL","10",29746267,30025888,0.0052314,0.0052314,2.5601,110,428754,0.005231399999999998
["HF"],"MAP3K19","2",135722055,135805038,0.0052475,0.0052475,2.5591,27,428754,0.0052474999999999996
["HF"],"PEMT","17",17408877,17495022,0.0052656,0.0052656,2.5579,34,428754,0.0052656
["HF"],"RPS23","5",81569139,81574215,0.005269,0.005269,2.5577,10,428754,0.005269000000000002
["HF"],"GFY","19",49927006,49932244,0.005271,0.005271,2.5575,4,428754,0.005270999999999999
["HF"],"RPTOR","17",78518619,78940171,0.0052733,0.0052733,2.5574,93,428754,0.0052733000000000025
["HF"],"DAB2","5",39371777,39462402,0.0052767,0.0052767,2.5571,28,428754,0.0052767
["HF"],"REG1B","2",79312149,79315145,0.0052856,0.0052856,2.5566,7,428754,0.0052856000000000005
["HF"],"PSMD14","2",162164936,162268228,0.0052936,0.0052936,2.556,20,428754,0.0052936
["HF"],"MTRNR2L10","X",55207825,55208875,0.0053052,0.0053052,2.5553,,3116,0.0053052
["HF"],"ADAM18","8",39442008,39587584,0.0053088,0.0053088,2.555,36,428754,0.005308800000000002
["HF"],"VSX1","20",25051521,25062777,0.0053229,0.0053229,2.5541,5,428754,0.005322900000000001
["HF"],"MON1A","3",49944593,49967606,0.005354,0.005354,2.5521,9,428754,0.005354000000000002
["HF"],"RMND5B","5",177557997,177577569,0.0053627,0.0053627,2.5515,11,428754,0.005362700000000002
["HF"],"HOXC5","12",54426637,54429142,0.0053942,0.0053942,2.5495,11,428754,0.005394199999999999
["HF"],"FADS1","11",61567099,61596790,0.0054035,0.0054035,2.5489,6,428754,0.005403500000000002
["HF"],"DHX8","17",41561233,41687706,0.0054094,0.0054094,2.5485,11,428754,0.005409400000000003
["HF"],"TRIM14","9",100831557,100881504,0.0054234,0.0054234,2.5476,33,428754,0.005423399999999999
["HF"],"CYP2A6","19",41349446,41356352,0.0054251,0.0054251,2.5475,12,428754,0.005425100000000003
["HF"],"REEP1","2",86441116,86565206,0.0054363,0.0054363,2.5468,27,428754,0.005436300000000001
["HF"],"PCSK1N","X",48689506,48694012,0.0054447,0.0054447,2.5462,,3116,0.0054446999999999985
["HF"],"USP16","21",30396950,30426809,0.0054653,0.0054653,2.5449,20,428754,0.0054653
["HF"],"RCN3","19",50031260,50050219,0.0054843,0.0054843,2.5437,4,428754,0.005484300000000002
["HF"],"ZNF48","16",30389427,30411429,0.0054891,0.0054891,2.5434,14,428754,0.005489099999999999
["HF"],"ETV4","17",41605212,41656988,0.0054946,0.0054946,2.543,9,428754,0.0054946
["HF"],"CLCA4","1",87012761,87046437,0.0055073,0.0055073,2.5422,20,428754,0.005507299999999999
["HF"],"PAQR5","15",69591251,69700119,0.0055108,0.0055108,2.542,35,428754,0.005510800000000002
["HF"],"FAM221B","9",35816388,35828744,0.0055145,0.0055145,2.5418,10,428754,0.005514500000000004
["HF"],"EGLN2","19",41304901,41314339,0.0055284,0.0055284,2.5409,11,428754,0.005528400000000001
["HF"],"PTPRK","6",128289930,128841761,0.0055401,0.0055401,2.5402,81,428754,0.005540099999999999
["HF"],"DEFB110","6",49976851,49989707,0.0055914,0.0055914,2.5369,9,428754,0.0055914000000000024
["HF"],"MYO16","13",109248500,109860353,0.0055977,0.0055977,2.5365,195,428754,0.0055977
["HF"],"SPOCK1","5",136310987,136934068,0.0056049,0.0056049,2.5361,110,428754,0.005604900000000004
["HF"],"SLC18B1","6",133090509,133134478,0.0056087,0.0056087,2.5358,15,428754,0.0056087
["HF"],"NACA","12",57106089,57125412,0.0056232,0.0056232,2.5349,7,428754,0.005623200000000003
["HF"],"ECHDC2","1",53361582,53392884,0.0056486,0.0056486,2.5334,16,428754,0.005648600000000004
["HF"],"TP53TG3D","16",32264040,32267243,0.005672,0.005672,2.5319,1,428754,0.005672
["HF"],"ZNF280B","22",22838767,22863060,0.0056824,0.0056824,2.5313,14,428754,0.005682400000000001
["HF"],"NIPSNAP1","22",29950797,29977316,0.0057338,0.0057338,2.5281,18,428754,0.0057338000000000024
["HF"],"FAM186A","12",50720013,50790405,0.0057682,0.0057682,2.526,18,428754,0.005768200000000003
["HF"],"ZNF587B","19",58331089,58357606,0.0057779,0.0057779,2.5254,13,428754,0.005777899999999998
["HF"],"UBA3","3",69103881,69129559,0.0057793,0.0057793,2.5253,13,428754,0.005779300000000001
["HF"],"DIP2B","12",50898768,51142440,0.0057793,0.0057793,2.5253,25,428754,0.005779300000000001
["HF"],"POMT2","14",77741299,77787226,0.005789,0.005789,2.5248,33,428754,0.005788999999999998
["HF"],"KRT40","17",39133968,39143387,0.0057959,0.0057959,2.5243,7,428754,0.005795900000000002
["HF"],"PBRM1","3",52579368,52719933,0.0058016,0.0058016,2.524,18,428754,0.005801599999999998
["HF"],"ZNF441","19",11877815,11894893,0.0058235,0.0058235,2.5227,7,428754,0.005823499999999998
["HF"],"ZNF667","19",56950694,56989434,0.0058302,0.0058302,2.5223,20,428754,0.005830200000000002
["HF"],"ZNF583","19",56909335,56947404,0.0058393,0.0058393,2.5217,13,428754,0.005839300000000003
["HF"],"MICU1","10",74127085,74385949,0.0058428,0.0058428,2.5215,24,428754,0.005842800000000001
["HF"],"CYB5R3","22",43013846,43045398,0.0058436,0.0058436,2.5215,24,428754,0.0058436000000000035
["HF"],"ZNF37A","10",38383262,38439221,0.0058536,0.0058536,2.5209,15,428754,0.0058536
["HF"],"RGL3","19",11495017,11530004,0.0058768,0.0058768,2.5195,14,428754,0.0058768000000000015
["HF"],"RARB","3",25215823,25639423,0.0058915,0.0058915,2.5186,130,428754,0.005891500000000004
["HF"],"TNIP2","4",2743375,2758069,0.0059271,0.0059271,2.5165,19,428754,0.005927100000000003
["HF"],"RBBP4","1",33116743,33151812,0.0059451,0.0059451,2.5154,9,428754,0.0059451
["HF"],"SURF1","9",136218613,136223552,0.0059485,0.0059485,2.5152,8,428754,0.005948499999999999
["HF"],"TOMM40","19",45393826,45406946,0.0059503,0.0059503,2.5151,15,428754,0.0059503
["HF"],"DNAJC1","10",22045477,22292698,0.0059677,0.0059677,2.5141,30,428754,0.005967700000000001
["HF"],"SLC12A3","16",56899119,56949762,0.0059753,0.0059753,2.5136,38,428754,0.0059753
["HF"],"GOSR2","17",45000441,45052890,0.0060108,0.0060108,2.5115,19,428754,0.006010800000000003
["HF"],"SERPINF1","17",1665323,1680859,0.0060217,0.0060217,2.5109,16,428754,0.006021700000000001
["HF"],"GOLGB1","3",121382046,121468614,0.0060308,0.0060308,2.5103,24,428754,0.0060308000000000046
["HF"],"PARP10","8",145051321,145086940,0.0060328,0.0060328,2.5102,6,428754,0.006032800000000001
["HF"],"ISCA1","9",88879461,88898017,0.006053,0.006053,2.509,10,428754,0.006053000000000003
["HF"],"ASB18","2",237103515,237173052,0.0060906,0.0060906,2.5069,29,428754,0.0060906
["HF"],"CHPF2","7",150929575,150935913,0.0060933,0.0060933,2.5067,4,428754,0.006093300000000004
["HF"],"TBX2","17",59477204,59486827,0.0061527,0.0061527,2.5033,7,428754,0.006152700000000001
["HF"],"SEC61B","9",101984346,101992897,0.0061708,0.0061708,2.5022,7,428754,0.006170800000000001
["HF"],"TUBD1","17",57936840,57970306,0.0061731,0.0061731,2.5021,19,428754,0.006173100000000003
["HF"],"BRAP","12",112079950,112123760,0.0061782,0.0061782,2.5018,19,428754,0.0061782000000000035
["HF"],"INTS1","7",1509913,1544025,0.0062043,0.0062043,2.5003,21,428754,0.006204299999999999
["HF"],"GON4L","1",155719453,155829191,0.0062055,0.0062055,2.5002,18,428754,0.0062055000000000035
["HF"],"ADAMTS13","9",136279478,136324524,0.0062087,0.0062087,2.5001,40,428754,0.006208700000000002
["HF"],"THSD7B","2",137523115,138435288,0.0062223,0.0062223,2.4993,119,428754,0.0062223
["HF"],"MSANTD3","9",103189425,103214016,0.0062337,0.0062337,2.4986,8,428754,0.0062337000000000035
["HF"],"TNS1","2",218664311,218898705,0.0062441,0.0062441,2.498,80,428754,0.0062441
["HF"],"MUL1","1",20825941,20834644,0.0062649,0.0062649,2.4969,14,428754,0.0062649
["HF"],"LCA5","6",80194708,80247175,0.0062667,0.0062667,2.4968,22,428754,0.0062667
["HF"],"TGFB1","19",41807492,41859827,0.0062684,0.0062684,2.4967,15,428754,0.006268400000000005
["HF"],"INVS","9",102861525,103064457,0.006301,0.006301,2.4948,18,428754,0.006301000000000002
["HF"],"BSPRY","9",116111821,116133513,0.0063275,0.0063275,2.4933,20,428754,0.0063275
["HF"],"KAT2B","3",20081938,20195896,0.0063381,0.0063381,2.4927,46,428754,0.006338100000000004
["HF"],"SPATA24","5",138732252,138739778,0.0063425,0.0063425,2.4925,3,428754,0.0063425000000000035
["HF"],"NDUFS1","2",206979541,207024233,0.0063452,0.0063452,2.4923,14,428754,0.006345200000000002
["HF"],"GTF2E2","8",30435835,30515753,0.0063548,0.0063548,2.4918,26,428754,0.0063548
["HF"],"RRAS2","11",14299468,14386052,0.0063996,0.0063996,2.4893,28,428754,0.006399600000000003
["HF"],"SPDL1","5",169010640,169031782,0.0064006,0.0064006,2.4893,10,428754,0.006400600000000003
["HF"],"CADM2","3",85008140,86123579,0.0064177,0.0064177,2.4883,80,428754,0.006417700000000002
["HF"],"HS3ST5","6",114376750,114664209,0.0064241,0.0064241,2.4879,78,428754,0.0064241
["HF"],"PURG","8",30853318,30891231,0.0064367,0.0064367,2.4873,22,428754,0.006436700000000003
["HF"],"MYLPF","16",30382255,30389312,0.0064461,0.0064461,2.4867,1,428754,0.006446100000000003
["HF"],"LSMEM1","7",112120908,112131117,0.0064533,0.0064533,2.4863,17,428754,0.006453300000000002
["HF"],"SKP2","5",36152091,36196951,0.006474,0.006474,2.4852,22,428754,0.006474000000000001
["HF"],"TEX14","17",56634039,56769416,0.0064918,0.0064918,2.4842,26,428754,0.006491800000000004
["HF"],"TRIM27","6",28870779,28891765,0.0064967,0.0064967,2.4839,24,428754,0.006496700000000004
["HF"],"VAMP8","2",85788685,85809154,0.0065002,0.0065002,2.4838,3,428754,0.006500200000000005
["HF"],"MED6","14",71047974,71067407,0.006502,0.006502,2.4837,16,428754,0.006501999999999999
["HF"],"TMEM129","4",1717679,1723085,0.006542,0.006542,2.4815,9,428754,0.0065420000000000035
["HF"],"TRUB2","9",131067438,131084726,0.0065488,0.0065488,2.4811,11,428754,0.006548800000000001
["HF"],"TAF5","10",105127733,105148822,0.006559,0.006559,2.4805,10,428754,0.006558999999999999
["HF"],"OPCML","11",132284871,133402414,0.0065653,0.0065653,2.4802,343,428754,0.006565300000000002
["HF"],"AKT1S1","19",50372290,50381716,0.0065691,0.0065691,2.48,7,428754,0.006569100000000001
["HF"],"TBC1D14","4",6910969,7034845,0.0065705,0.0065705,2.4799,27,428754,0.006570500000000002
["HF"],"NOMO3","16",16326363,16394663,0.0065737,0.0065737,2.4798,12,428754,0.006573700000000002
["HF"],"POFUT1","20",30795683,30826461,0.0065924,0.0065924,2.4787,11,428754,0.006592400000000003
["HF"],"FAH","15",80444832,80479288,0.0066234,0.0066234,2.4771,26,428754,0.006623400000000002
["HF"],"CCDC136","7",128430811,128462186,0.0066246,0.0066246,2.477,12,428754,0.006624600000000003
["HF"],"DRD2","11",113280327,113346413,0.0066657,0.0066657,2.4748,39,428754,0.0066657000000000044
["HF"],"GPR149","3",154052732,154147979,0.0067021,0.0067021,2.4728,29,428754,0.006702100000000001
["HF"],"TRIM51","11",55650773,55659286,0.0067256,0.0067256,2.4716,10,428754,0.0067256
["HF"],"DRD5","4",9783258,9785633,0.006728,0.006728,2.4715,3,428754,0.006728000000000002
["HF"],"ERP44","9",102741467,102861282,0.0067483,0.0067483,2.4704,19,428754,0.006748300000000004
["HF"],"OPRD1","1",29138654,29197779,0.0067493,0.0067493,2.4703,33,428754,0.0067493
["HF"],"CES3","16",66995148,67009052,0.0067497,0.0067497,2.4703,10,428754,0.0067497
["HF"],"RNF38","9",36336393,36487545,0.0067871,0.0067871,2.4683,27,428754,0.006787100000000001
["HF"],"RIC8A","11",207511,215113,0.0068204,0.0068204,2.4666,9,428754,0.006820400000000002
["HF"],"NIT1","1",161087876,161095235,0.0068454,0.0068454,2.4653,4,428754,0.0068454000000000015
["HF"],"TSHR","14",81421333,81612650,0.0068706,0.0068706,2.464,70,428754,0.006870600000000004
["HF"],"PIGU","20",33148346,33286594,0.0069122,0.0069122,2.4618,22,428754,0.0069122
["HF"],"SMIM8","6",88032301,88109467,0.0069129,0.0069129,2.4618,20,428754,0.0069129
["HF"],"ZSCAN10","16",3138891,3149296,0.0069414,0.0069414,2.4603,11,428754,0.0069414
["HF"],"TMEM159","16",21169698,21191937,0.0069458,0.0069458,2.4601,12,428754,0.006945800000000001
["HF"],"DNM1","9",130953934,131017527,0.0069597,0.0069597,2.4593,31,428754,0.0069597000000000036
["HF"],"HTR3C","3",183770835,183778461,0.0070059,0.0070059,2.457,12,428754,0.0070059000000000015
["HF"],"UGCG","9",114659094,114697649,0.0070092,0.0070092,2.4568,42,428754,0.007009200000000002
["HF"],"HNF1A","12",121416346,121440315,0.007029,0.007029,2.4558,19,428754,0.007029000000000004
["HF"],"POLR1B","2",113299492,113337395,0.0070297,0.0070297,2.4557,19,428754,0.007029700000000001
["HF"],"OR5D14","11",55563032,55563976,0.0070462,0.0070462,2.4549,3,428754,0.007046200000000002
["HF"],"BANF2","20",17674317,17716516,0.007072,0.007072,2.4536,33,428754,0.007071999999999999
["HF"],"DIP2A","21",47878804,47989928,0.007074,0.007074,2.4535,33,428754,0.007074000000000004
["HF"],"PRSS53","16",31094746,31100949,0.0070824,0.0070824,2.4531,4,428754,0.0070824
["HF"],"MAMSTR","19",49215982,49222982,0.007091,0.007091,2.4526,7,428754,0.007090999999999999
["HF"],"HEPH","X",65382391,65488709,0.0071001,0.0071001,2.4522,,3116,0.007100100000000005
["HF"],"SLC46A2","9",115641200,115653156,0.0071079,0.0071079,2.4518,19,428754,0.007107900000000005
["HF"],"PLAGL2","20",30780307,30795546,0.007118,0.007118,2.4513,7,428754,0.007117999999999999
["HF"],"AP4B1","1",114436816,114447823,0.0071288,0.0071288,2.4507,7,428754,0.007128800000000003
["HF"],"ANXA4","2",69871557,70054244,0.0071487,0.0071487,2.4497,27,428754,0.007148700000000001
["HF"],"MINK1","17",4736635,4801356,0.0071776,0.0071776,2.4482,27,428754,0.0071776000000000045
["HF"],"ZNF764","16",30565085,30569695,0.0072037,0.0072037,2.4469,2,428754,0.007203700000000003
["HF"],"SLC22A4","5",131630087,131679883,0.0072605,0.0072605,2.4441,19,428754,0.007260500000000003
["HF"],"MOV10L1","22",50528308,50600119,0.0072855,0.0072855,2.4429,22,428754,0.007285500000000005
["HF"],"NRG1","8",31496738,32713184,0.0073094,0.0073094,2.4417,161,428754,0.007309400000000001
["HF"],"SNRPN","15",25068784,25223870,0.0073118,0.0073118,2.4416,122,428754,0.007311800000000001
["HF"],"RNF25","2",219528615,219536725,0.0073346,0.0073346,2.4404,4,428754,0.007334599999999999
["HF"],"COL15A1","9",101705461,101833074,0.0073557,0.0073557,2.4394,60,428754,0.007355700000000002
["HF"],"ZCCHC4","4",25314396,25372005,0.007356,0.007356,2.4394,33,428754,0.007356000000000004
["HF"],"MOCS2","5",52391509,52405893,0.0073758,0.0073758,2.4384,8,428754,0.007375800000000001
["HF"],"CPN1","10",101801950,101841626,0.0073784,0.0073784,2.4383,33,428754,0.0073784
["HF"],"STAB1","3",52529354,52558511,0.0073862,0.0073862,2.4379,21,428754,0.007386200000000005
["HF"],"MACROD1","11",63766030,63933585,0.007394,0.007394,2.4375,69,428754,0.007394000000000004
["HF"],"COA5","2",99215777,99224978,0.0074075,0.0074075,2.4369,5,428754,0.007407500000000004
["HF"],"RRAGD","6",90074335,90121992,0.0074154,0.0074154,2.4365,29,428754,0.0074154
["HF"],"SPRY4","5",141689992,141706020,0.0074259,0.0074259,2.436,11,428754,0.007425900000000005
["HF"],"EHHADH","3",184908412,184999778,0.0074719,0.0074719,2.4337,25,428754,0.0074719
["HF"],"WDR20","14",102605840,102691184,0.0074779,0.0074779,2.4334,33,428754,0.007477899999999998
["HF"],"KRTCAP2","1",155141884,155145951,0.0074873,0.0074873,2.433,5,428754,0.007487300000000004
["HF"],"NOS3","7",150688105,150711676,0.0074987,0.0074987,2.4324,19,428754,0.0074987
["HF"],"RFPL1","22",29834572,29838444,0.0075038,0.0075038,2.4322,5,428754,0.007503800000000001
["HF"],"UQCR10","22",30163358,30166402,0.0075116,0.0075116,2.4318,2,428754,0.0075116000000000046
["HF"],"MAP3K1","5",56111376,56191979,0.007526,0.007526,2.4311,28,428754,0.007526000000000004
["HF"],"IGSF8","1",160061130,160068733,0.0075271,0.0075271,2.4311,5,428754,0.007527100000000001
["HF"],"DNAJA4","15",78556428,78574538,0.007534,0.007534,2.4307,20,428754,0.007534000000000003
["HF"],"MIEF2","17",18163911,18169866,0.0075417,0.0075417,2.4304,8,428754,0.007541700000000002
["HF"],"PROZ","13",113812962,113826700,0.0075671,0.0075671,2.4292,11,428754,0.007567099999999999
["HF"],"WNT9B","17",44910567,44964096,0.0075905,0.0075905,2.428,31,428754,0.007590500000000003
["HF"],"QPRT","16",29674600,29710020,0.0075988,0.0075988,2.4276,13,428754,0.0075988000000000045
["HF"],"ADAM23","2",207308256,207485851,0.007611,0.007611,2.4271,59,428754,0.007610999999999999
["HF"],"YPEL5","2",30369807,30383399,0.0076223,0.0076223,2.4265,12,428754,0.007622300000000002
["HF"],"UBE2Q2L","15",84841245,84857131,0.0076323,0.0076323,2.426,1,428754,0.007632300000000002
["HF"],"CHRNA3","15",78885394,78913637,0.0076704,0.0076704,2.4242,17,428754,0.0076704000000000026
["HF"],"TFAP2D","6",50681239,50740746,0.0076787,0.0076787,2.4238,19,428754,0.007678700000000001
["HF"],"HAS3","16",69139556,69152622,0.0076808,0.0076808,2.4237,10,428754,0.007680799999999999
["HF"],"MRPS31","13",41303264,41345326,0.0076811,0.0076811,2.4237,11,428754,0.0076811000000000015
["HF"],"CREB3","9",35732595,35736996,0.0077103,0.0077103,2.4223,5,428754,0.007710300000000005
["HF"],"VRTN","14",74769772,74826711,0.0077138,0.0077138,2.4222,9,428754,0.007713799999999998
["HF"],"CTIF","18",46065402,46389588,0.0077146,0.0077146,2.4221,156,428754,0.007714600000000002
["HF"],"FAM200A","7",99143923,99156159,0.0077242,0.0077242,2.4217,4,428754,0.007724199999999999
["HF"],"GPC2","7",99767229,99775004,0.0077379,0.0077379,2.421,10,428754,0.007737900000000003
["HF"],"UNC50","2",99225042,99234978,0.0077492,0.0077492,2.4205,8,428754,0.007749199999999999
["HF"],"SOX6","11",15987995,16761138,0.0077708,0.0077708,2.4195,66,428754,0.007770800000000001
["HF"],"MRPS27","5",71515230,71616473,0.0078146,0.0078146,2.4175,35,428754,0.007814600000000003
["HF"],"CHRM3","1",239549865,240078752,0.0078613,0.0078613,2.4153,136,428754,0.007861300000000003
["HF"],"ITGB5","3",124480795,124620265,0.0078901,0.0078901,2.414,38,428754,0.0078901
["HF"],"DDC","7",50526134,50633102,0.0078991,0.0078991,2.4135,36,428754,0.007899100000000004
["HF"],"STAG3","7",99775186,99819111,0.0079388,0.0079388,2.4117,12,428754,0.007938800000000005
["HF"],"BAIAP2","17",79008922,79091232,0.0079638,0.0079638,2.4106,71,428754,0.007963800000000002
["HF"],"ZAR1","4",48492269,48496406,0.0079727,0.0079727,2.4102,5,428754,0.007972700000000003
["HF"],"SLC27A5","19",58990879,59023780,0.0080031,0.0080031,2.4088,14,428754,0.008003100000000004
["HF"],"KRT80","12",52562780,52585798,0.0080235,0.0080235,2.4078,37,428754,0.008023500000000001
["HF"],"USP39","2",85829979,85876406,0.0080702,0.0080702,2.4057,22,428754,0.008070199999999998
["HF"],"KRT73","12",53001354,53012343,0.0081131,0.0081131,2.4038,17,428754,0.008113100000000003
["HF"],"LOR","8",23154410,23282841,0.0081152,0.0081152,2.4037,7,428754,0.0081152
["HF"],"FAM177B","1",222910549,222924147,0.0081198,0.0081198,2.4035,12,428754,0.0081198
["HF"],"DEFB112","6",50009812,50017642,0.008131,0.008131,2.403,6,428754,0.008131
["HF"],"THOC3","5",175344876,175461683,0.0081371,0.0081371,2.4027,3,428754,0.008137100000000003
["HF"],"SEC23B","20",18488164,18542059,0.0081415,0.0081415,2.4025,25,428754,0.008141499999999998
["HF"],"MDGA1","6",37598455,37667082,0.0081507,0.0081507,2.4021,60,428754,0.0081507
["HF"],"MAP3K7","6",91223292,91296791,0.008177,0.008177,2.4009,24,428754,0.008177000000000005
["HF"],"ECM1","1",150480538,150486265,0.0081992,0.0081992,2.3999,9,428754,0.008199200000000002
["HF"],"GFOD1","6",13358062,13487894,0.008203,0.008203,2.3998,54,428754,0.008202999999999998
["HF"],"TAGLN","11",117070086,117078180,0.0082123,0.0082123,2.3993,12,428754,0.008212300000000004