"","samplenames","indv","drug","time","RIN","group","PC1","PC2","PC3","PC4","PC5","PC6","PC7","PC8","PC9","PC10","PC11","PC12","PC13","PC14","PC15","PC16","PC17","PC18","PC19","PC20","PC21","PC22","PC23","PC24","PC25","PC26","PC27","PC28","PC29","PC30","PC31","PC32","PC33","PC34","PC35","PC36","PC37","PC38","PC39","PC40","PC41","PC42","PC43","PC44","PC45","PC46","PC47","PC48","PC49","PC50","PC51","PC52","PC53","PC54","PC55","PC56","PC57","PC58","PC59","PC60","PC61","PC62","PC63","PC64","PC65","PC66","PC67","PC68","PC69","PC70","PC71","PC72"
"Da.1.3h","MCW_RM_R_11","1","Daunorubicin","3h","9.3","1",-18.3315394244983,61.7101292693746,44.0391386178659,-4.54703141721539,24.6421068335648,-35.0324525778396,3.97870842874403,-23.2527081545751,31.3865205165473,-4.48882307292388,10.0125118342454,-11.0187300975929,12.3666181571187,13.3476225762493,-2.08440028266311,14.1800299987161,-3.32563890795946,14.2713222802219,-7.77443937955283,4.05937038450783,-2.31248260899351,6.56643451054522,-10.4916551918616,6.52686528556431,-4.5518742959618,6.92658404495165,-4.3757564078328,2.15408373692706,2.30997394087993,5.17658712854837,5.356430288859,-6.60802862432493,-1.8536964100289,-11.7358888588711,2.58674575759254,7.88566635737427,-7.93284982810196,-0.971128763912273,-7.47817601894608,-3.20034329914581,-0.26621078032926,5.9213755221986,3.94840788098106,1.73927251596441,5.1396411238341,6.27520724758218,5.77281725596966,-2.52318652836321,-4.38579656930658,-0.216911633508585,-4.41889553330687,-3.81789321732535,-2.92396286066045,-1.9669252613647,-4.26845745888971,-10.1022336940008,0.822442142209482,1.03775666719096,2.75239492423661,0.468220408673809,2.67308433747732,1.59234073958931,2.10668576771381,1.57165797907888,0.0848884011995425,-2.01896091804991,-3.43871563175577,-1.13161861558243,-2.24661396814154,1.2588370532303,-0.641023913490564,-8.97002114377604e-14
"Do.1.3h","MCW_RM_R_12","1","Doxorubicin","3h","9.8","2",-12.3628013051233,73.9767825054824,24.5763952274475,-8.62652787269371,-19.9085795908697,-18.9744720146995,7.20832835584883,-10.9093921970074,14.5918495637126,-9.74598722781275,-10.7701646627847,-18.7906754462757,8.26533769374692,-7.85076103302001,0.815572059862109,13.8933798381786,8.81362188564033,4.33790757948846,2.39639781724146,0.0900353691787895,3.81463567636704,1.20257090593835,3.71594874860653,5.01878526747024,1.2575029411701,-1.76602132924369,-4.4672224793607,-4.70625598132585,6.64696216248063,-0.827935990063376,2.61870414114464,3.25783398016011,1.99191949851999,-0.142326466866805,2.32348046570003,-1.43987112224203,0.688353885180187,-1.96903340416816,4.37257693613512,-0.645003841316885,2.96811855831814,-0.408483007093138,4.44008745273538,1.99333121908858,4.46109426837523,-5.22550338446138,-0.323219913864787,-3.7582460200949,1.27231844939159,-2.94367105403786,-0.0191519717256684,0.8430272976604,8.47231053028716,4.5384494166096,7.4854857077739,5.90528911041286,-9.26013912288607,-9.27445868626827,5.49598961039921,3.58152222392802,1.70415443135383,0.708640003160875,-4.85903799466812,-7.95611087126322,1.11988079038637,-3.67683027920425,-4.14727934510726,-0.154052352462909,-6.62904724288179,1.60136265500568,-0.956679691111477,-4.91152969260989e-14
"Ep.1.3h","MCW_RM_R_13","1","Epirubicin","3h","9.8","3",-11.1620534016651,66.4879389525309,33.0256278213663,-9.34954871797703,18.0835691673553,-43.0655079240807,3.96335269265849,-34.0166712914107,15.3799312349554,13.3965226172402,10.6406921631539,-22.2942250830568,20.5771679947244,-0.850278881889224,-10.4851371095745,7.39269744992683,-2.4877563958187,6.60559520495552,0.626614035838934,7.78674281880524,4.09727782922515,-3.84483760752253,0.781707133419988,-0.891835267097314,0.815772351519597,-1.38774638230382,-5.45487624913258,-3.91031269789334,-0.214170297625199,0.956892057191415,3.56105258358941,-2.11527496293923,5.32396566506335,1.2557110604245,2.1336980812178,0.280743164228245,-3.35656989773298,-3.97259783221645,4.88866009221653,1.74649814250088,3.84887618520163,2.44009912992629,-3.86580735514603,0.432756589090729,-1.05988336908015,-0.0532636977959566,-1.15562375787973,3.2775320790596,-1.03672143582636,-1.32645201938021,0.765572127180823,2.87675467058917,0.649858947388779,-0.0781798309894493,2.98975577212084,1.50114292708518,-6.77150610145967,-0.756116433054036,-5.84602219108193,1.60537856006884,-1.98699876726463,-2.67309413965734,3.06671053886407,-0.893497664717862,-3.94846462717745,5.49235108768498,8.35648912123431,3.09075346943562,13.1464994462553,-2.09864313462177,2.70416556591613,-5.79715379975428e-14
"Mi.1.3h","MCW_RM_R_14","1","Mitoxantrone","3h","10","4",-10.1994799526612,73.4834277747869,19.0167664793965,-14.6396507520041,-9.06532374964408,-24.2990817426812,1.25113706761897,-13.6500274149186,11.8144649806584,-5.38078376327871,3.91509240025209,-14.5024025107509,16.253670530763,-10.5935285006781,-4.56966208808596,7.19160315489887,8.1821497427519,-6.62649338883962,5.73026509176102,10.6101579824477,-4.1690817697042,9.00701414995041,5.78847469567366,-8.68407485093413,-5.2030609130251,1.92412339252093,-6.20014622101799,0.45715578954658,1.46228993816914,-2.05661400044507,4.13626775439204,-1.95657680229451,1.74543859082373,1.59896289965254,4.18783495127009,-3.40580427025964,-1.25519786631579,-0.611070172382899,2.33175326829955,2.90402634102452,6.00759854347144,7.60072630743622,-1.82936236671697,-0.89830062829314,-5.3789820903045,-4.65018805530216,-2.37199132298815,-1.21528701854106,4.46071065144455,-1.90399560248542,0.618254981101148,2.75150159772531,-5.57299728660944,0.0180056395057111,-0.186755364413079,6.08425930587358,11.3799311874622,5.99020896540898,0.208815197524986,-5.18289566554575,-12.0455615567283,3.00164270765249,-1.86550755535703,3.01484319481267,3.52717380028317,-0.956174668297328,-2.20985357108643,-1.98145623017097,-4.71684950446145,0.0707300874839601,-0.254345075288741,-5.80348452400205e-14
"Tr.1.3h","MCW_RM_R_15","1","Trastuzumab","3h","9.6","5",-12.1761897341057,80.0145362294535,2.64062393596357,-17.0192961480564,-34.2539249064773,-11.7788058819733,-4.12920733323163,-7.63648874982479,9.41594970543423,-2.2509869804715,1.80861015306924,-12.1487221849628,28.2559448453282,-8.35202346031333,-0.516685864572552,-1.49195912917907,5.36547435271098,-2.71244826479259,3.37328343588662,-8.0180878739158,3.85843099595986,-0.249039693613736,0.245118411003825,2.23721030200285,-1.83673875059904,-2.8234085887274,3.19806185694095,1.76466805467854,-9.92696521425267,-8.61737876748327,-7.28237317408624,-1.51410235609384,-3.24387048398346,5.61195404162909,-6.20584423484797,-5.76958700097052,9.59873857203401,-1.91624675432379,-3.47955105230732,-1.73479681641518,1.59393299590549,-5.50077492234108,-3.7913298090596,-3.25569679928811,0.713568938473521,3.91940110791643,11.684346471272,5.5294635245768,0.601584031258029,5.37554463350996,-9.14839605709893,4.98893845660843,8.97387064306598,-5.64132664622735,4.34869015197358,-5.28799459931997,4.21898132917408,2.29972508637976,1.58253719428688,0.809243455424726,0.354279646992236,0.0409237029454678,-1.2111543316802,1.69340852943856,-0.800548031876582,1.26116329961937,1.33288342679,-2.55645983501658,-1.10029251586328,1.53219140931977,-1.1758088594398,-1.0507809967736e-13
"Ve.1.3h","MCW_RM_R_16","1","Vehicle","3h","9.9","6",-14.9822635173859,76.6219875616535,12.7068076977427,-4.1734115204993,-39.846594509169,-17.1621310925451,-1.13452132572551,1.05627051831045,2.20480790239425,-11.7179160884318,-14.8254510011173,-10.4706354038682,21.6429847823343,-16.8570225367775,3.27928898909844,11.5186353286535,12.5339055638394,2.98529318810775,3.33812727082152,-1.04730295640922,1.09948147417545,8.20420311388789,2.39683025373555,11.5990947380602,0.201264270162062,0.544991793198191,0.614930216716569,2.2092307570546,6.57543127378547,-6.59508265267155,-5.10559251932709,-1.41034375634927,-4.43411737860567,6.97044435593121,0.0611979575188011,-5.13682511797232,6.5457938751508,-0.802858567253447,4.2189062380075,-3.5467293107584,-4.89584829165937,-6.39215838339373,4.37706387689403,1.11946464263281,-1.94260060406063,4.91947966603921,-11.3531675223944,-0.827228808177376,-0.300554800360609,2.35385607992367,10.4614767270874,-5.04437496287493,-6.47541791518179,3.70290147624461,-3.86889611222807,-5.08355419408016,1.49817939220443,3.97816020044015,0.188435391872032,-0.583230990711762,8.35139881080405,0.194550575835165,1.07004433868587,1.26448534441873,2.65663327549884,-0.681991386192603,-0.254594752836192,0.599727558416997,3.0979098809713,-0.93576860229883,-0.897384231129001,-1.09269730308274e-13
"Da.1.24h","MCW_RM_R_17","1","Daunorubicin","24h","7.8","7",134.468902935125,41.4283623530906,15.504587797066,-28.5313887434995,-26.6403610828789,16.5068391332867,9.69808305592071,12.4029475162236,40.565761409835,2.12960451829178,-5.49578848070305,31.7221989642053,-18.7489935201316,-9.34775086748134,-2.00390079994331,-6.6100034092898,-16.3222705543128,3.06334978426188,9.76131535928417,-2.53589714057207,12.5343360508179,10.1191362844454,-17.3495357485941,0.364167098622221,8.58832502422129,0.197005384853338,-9.175414095258,12.2057942838511,1.4909477110692,9.89812052325444,15.3058818167197,1.25918866445539,-3.69439395319693,2.01688450608702,0.312951649730559,-9.50333825662982,7.3676335968235,5.9498548692991,4.02220320585303,-2.48056366567323,-3.38104480330643,3.16807380146083,-4.64090939440137,-0.374603324779274,-0.0439782684687933,2.51294197912957,2.26837242034839,2.195045368473,0.621861266247693,-0.49299083431236,0.874081087240912,1.45940491458312,-0.810770591810913,2.24020964356641,0.439639300568103,-0.96477902625823,-1.9229682615454,0.747002168591463,-1.27015600712388,1.18688505005101,-1.44950728151771,1.14411554252095,-0.527181833915077,-1.42786927197957,-0.987111640874272,-2.49610213331789,2.16545153144836,-3.07347507878412,0.142637620443085,-1.52978281956473,0.305826973078841,1.47249833853946e-13
"Do.1.24h","MCW_RM_R_18","1","Doxorubicin","24h","8.7","8",129.349962847696,45.7306263939235,8.56678471220797,-11.3252649469053,-39.0211872166036,7.80248492570085,7.58519714072208,6.20042689203017,36.3599890400654,-2.32952561080005,-26.1124512768676,21.822530953192,-22.1219024853975,-14.6586757240427,5.21273372799439,6.63823532893011,-2.01126236623524,1.38506904143196,-7.56821862063846,-3.78387790165196,-15.0277083006521,-2.69964446298427,-3.89252134607506,0.0906706235061178,0.0453648599858297,-8.05028593233753,-0.333279346275183,1.06295432367517,-1.47752347602939,-8.55233517439373,-5.98233890673745,4.03961328762323,2.99670495286986,6.3418090402455,7.5073797000291,11.4086247425694,-3.8716647200867,-6.65139789016371,-5.39881972765879,6.59093301326056,3.24304440662637,-0.87633375161306,-0.0971727470650983,2.96657116659798,0.709433301896222,3.82937458740989,-1.52600589725335,-0.471032713901127,-2.29358393658933,0.0575289153023672,1.44000392252588,1.94202571961433,6.27129737512186,-0.223562468719172,-9.74395629827046,0.501035571221029,-0.954259869680142,4.11841389031297,-2.2122639033178,4.73164541868924,-5.15087379657351,-5.71955989650706,-2.18447359094236,-1.53433589200708,1.24455764522069,0.610011706444588,0.0488185819938282,2.09639785690955,-0.406511366170729,0.355828889538782,-0.295414750481049,-2.50573813000837e-13
"Ep.1.24h","MCW_RM_R_19","1","Epirubicin","24h","8.6","9",139.047528466173,36.0095030005996,-4.53962908043849,-33.8365725944448,-19.7229186949011,10.8730150286986,8.41169067271299,-11.6641823698166,33.9725591326943,17.495499419666,1.68121638959803,20.3569255396757,-4.57083151142569,-12.0726554702332,-9.34959112852632,-14.8972001449647,-10.7974874705875,-0.466236389360835,-10.6512033883423,-2.34824966646297,-6.09258643931891,-16.2223616581452,-7.54774430254346,-12.4544114199827,-14.9451226343147,-7.24592070128462,3.87874098100319,-1.44765450799078,2.94221501400507,-1.30794725002589,-0.850647987412803,-6.21153319536625,4.95810813323802,2.41093227035122,-0.991649774329575,1.45649157622664,-1.369244404604,-5.83194813705068,2.2307772608542,-2.36158233853645,1.16215259970205,-4.0170273661356,2.87388094461628,2.45722989984008,0.628764306937808,-3.91454683795717,-4.46982083528421,-1.02905424212208,0.853963658572591,-0.56315740219054,-2.30474839229507,-2.55004786266844,-5.92487025142837,-3.15047423871161,9.64754350427923,-0.271398933925177,2.54154245867106,-5.63878518583479,2.90795515759389,-4.36406862681905,5.83650937939376,4.57159851044873,1.39292621914564,5.52544786959433,-1.31794411126308,1.38807882368096,-2.20186687597992,0.989600304185703,0.60606354909785,1.85410889955399,-0.0421157848858385,-1.99442377760498e-13
"Mi.1.24h","MCW_RM_R_20","1","Mitoxantrone","24h","9.1","10",39.6429362131562,82.6264422394172,-23.4572983350904,-13.1856414191475,-44.2686784349267,-4.33347878679047,-30.9175889650067,-15.2954882408157,9.769834319863,-36.5944085796577,15.6551951405873,13.6640556519103,-18.19728255783,-1.98022092758162,-3.85749574624761,5.07359106849603,-0.548802541769467,-11.5679684834768,-0.319900543111567,-0.0437973383202961,3.15075762413168,-10.1313172467668,6.033484948397,-0.929408010817135,10.86119215688,2.76061083424658,8.16766395557435,0.324106686330251,-9.55028199408361,-0.292011059418155,-11.9738336048215,7.13084167164,-1.2552625633312,-7.57406248338087,2.05663274632602,2.78003373929895,-5.1284930421778,11.606041383034,2.22298031264935,-3.03345205744715,2.29626057625976,8.98218426017744,3.4597897106864,-4.90572593398189,1.46843025860493,1.68193812268464,-1.85250677011328,0.641099067999437,2.84284810266581,0.653538749643568,-0.521110024662237,-3.46559367945133,-1.5232226055925,0.788618551386024,4.59836291889324,-1.78348142768754,0.048023343804135,1.33541376782046,-4.62125128836995,-4.22985373702625,1.85920692624826,1.79457187291297,3.5408388722432,-7.01899594587975,2.02482552243546,3.42268601277707,1.74148606571474,0.140330298723651,-0.5374277647215,2.3998548737244,0.363434406093896,-6.89159829463798e-14
"Tr.1.24h","MCW_RM_R_21","1","Trastuzumab","24h","9.4","11",-7.91135466465261,81.7679797282391,-23.1747050876448,-34.4067512641898,-41.3088992035258,13.0860022303137,-3.42902599978676,-12.1656745374586,10.9148478936344,-1.83167997884578,11.7665899069195,-1.92181894426626,16.7118716903017,10.4426421534835,-3.35212278422632,-20.7366207553775,2.26221673456951,3.91503893876324,-2.1185212328015,-4.18210405594485,2.06852236346822,1.38159098037078,0.774534511411257,-7.40997866076693,-4.26902372902913,1.85321648322123,3.70393277539967,-8.79764262934071,-4.43732580862752,7.35710500009664,-1.74476482823056,2.70002342152317,-1.2641252664869,-6.70159666099388,-10.6103445323349,3.07812509402509,-1.27864047181798,1.28321563739488,-0.996953346626414,3.07063547871116,-4.48553869997676,-2.86009257430757,-3.41710265373005,0.438715652021035,-2.3043024663875,-2.93569160857322,3.95128183846211,-3.43803292427264,-2.95884099647394,1.39593982405842,2.3910693260422,-0.632053481501776,-0.871326364436709,-1.35497116120232,-6.22238906766075,3.94288415825563,-1.03234287192461,-1.69081110188248,-3.78535840743542,-2.87117374913044,1.88690330768635,-0.798733843383955,-5.37879987715761,-0.292144386834387,4.11974812413187,-9.30439718426678,2.71808036510064,7.12423076936333,-0.667197921601529,-8.67445284311547,0.779337896552925,-9.64139453495626e-14
"Ve.1.24h","MCW_RM_R_22","1","Vehicle","24h","9.3","12",-10.6336524888847,89.4998911534391,-10.173671200494,-24.3457605230858,-46.2551382010299,20.3277761709024,2.73599805366497,-3.70196194824632,9.80580061295558,-13.7586093542267,-0.85345302543312,0.294416546114342,9.61760148097822,12.7358812448406,9.9061479187992,-13.9736561481059,8.88608954355072,3.76279556041059,1.57051007632011,6.55776909497708,-7.25138073419713,-4.54604349160615,4.76396744587388,4.84523579746152,12.07988725889,7.87142943348823,1.56952742225088,-2.1117475023835,4.87931747998711,7.31218838932996,0.551038885261769,-0.222886651779511,-1.10477919578821,-2.94959178956635,-2.66947778050087,-0.52925327316191,-1.82510989968599,4.38897881356909,-4.83714767228727,3.90036759172413,-7.15187679905028,-6.56175240258978,-2.40410072885495,-2.08085670102365,-0.888198550703953,-7.07490074143778,-0.343652549071406,0.056940494482251,-0.163842630871788,-3.0395401530401,-0.683641839472038,-0.746255709831879,-1.64732052419701,-0.19967304691641,-4.68861825859819,6.24852036443989,0.0238733337352278,-2.5586911675503,3.28042563279469,4.9129518818726,-1.39738574913945,-4.15687166604354,5.21984597779108,6.25863876245948,-7.5785592587658,7.64512248618573,-3.61400559837697,-4.93631608395571,-0.106083998641006,4.08760215216914,0.580055928541812,-1.2298084236086e-13
"Da.2.3h","MCW_RM_R_23","2","Daunorubicin","3h","9.4","1",-59.3858018035498,-65.1237676325729,33.0749690595846,-9.7441453804615,-13.1592463987025,-32.5800207848055,28.3279367897622,-18.2451245607086,25.5651834863325,-2.2837307377691,-4.85719712359761,-6.53593506962759,-19.2943713761136,30.7745611929511,7.39966592828664,-4.19780132034916,-12.3995900025912,7.59965566899347,-12.8333778398377,8.57651767729011,3.18578985516538,-4.18222319599526,0.803272919002958,4.65386791184024,-6.67301170072498,19.6529111034004,7.7720028150654,10.3784507020842,-6.92984172780102,-6.10215660770264,-6.48709528873289,-1.68885074666337,0.103300703546202,11.2151169119893,1.61063551576496,-2.66896523694195,6.97414588280166,6.02031354000995,6.03074380333477,7.85927658379303,-3.53399221330012,5.00337396589053,3.36640050074557,5.82854840624592,-4.84613720687697,-2.77558145098735,1.41870159933796,-3.88434928421025,-4.72626851579841,-0.539340286765367,0.521799580235201,-1.73748705312649,2.67501231982443,-1.05645379450239,0.957754580619408,1.89012109286193,1.6719827974999,-1.14741622761551,1.08645229015169,0.977504459868212,0.259466718985426,0.96766730836469,-0.880713049434278,0.513778490184672,-0.451189398684111,0.0521847030260324,0.99325971099076,1.50792724859675,-0.362902911433486,-0.406404629889345,0.374536179268004,-5.88902570371891e-14
"Do.2.3h","MCW_RM_R_24","2","Doxorubicin","3h","9.6","2",-57.4716535091664,-69.9125042579788,18.6854029094227,-0.499537598651564,-48.1038131924823,-28.7762818888778,24.3752850621029,16.3121291956937,0.238374686241773,-16.6722974908906,-20.86176961837,4.67192139160125,-18.4902647874336,-13.5816877197341,3.71173651010323,-1.53332102957329,10.7607215276306,-5.96011816097812,-3.05433744816902,-10.3595717050047,9.95907265034133,-5.40699189407915,3.00678816870551,1.29692122260285,2.3099971440643,1.0027059530303,-4.8143267055722,-10.2868513449259,7.31035475325478,10.5452568048588,-3.28338206032968,-1.58921017273469,-3.00572381863188,0.947795990313607,-7.54044668479706,-1.64318108070686,-1.70601606701581,-9.01074724988013,-3.78527724814283,-8.26095879854704,-1.05433208529546,5.30628751421487,1.43096390494637,2.36742599650022,-5.30342143996395,2.32139846520171,1.58452194439679,-3.41679744862467,-3.66132689478092,-4.46629276498197,-0.513913094995809,-3.35931383388111,6.63484247814419,3.16212251306846,1.73415885358814,-1.91981225468609,9.57990554791453,-3.39304833527626,-5.54142904272398,-1.60509253416621,-3.49154694922248,0.839988499054418,2.1725636126423,-1.08230755708317,-4.92017142380178,-0.860858253515154,-1.32738090476135,0.716511111130865,3.50034988738619,-0.0583281308971798,0.491991963474734,-1.72606286902299e-13
"Ep.2.3h","MCW_RM_R_25","2","Epirubicin","3h","9.9","3",-54.7942169854168,-59.093431999016,23.8346509305617,-15.236371775723,-7.05079480642247,-44.3013566913178,36.763354410466,-11.5694454585742,-0.553351556530203,-4.69313632316496,-5.61900768833704,-5.04612513769733,-18.119480863454,9.14212254705206,-18.0591773114464,-11.3880267799799,3.33808893065042,0.652306268593829,-11.0580440400358,0.361326102400923,2.18059954861257,-9.46633619337663,-2.04569946808417,-1.58292532374798,7.64260001139722,8.60481741343293,-7.18895797162358,-0.398159453942358,2.77148835748038,4.52601636239406,-3.52207049963633,8.06717304756186,-8.90716501642948,1.87062955492862,-3.18440399977958,2.75430194327186,0.796403668106448,-4.48435758057628,2.38018860702468,-1.02817762328293,7.14018311646452,-9.3943061634622,-6.0294374527784,-1.8079617612702,12.3782786189253,-3.13397131681062,-6.29888162580213,2.09692356546346,4.50688397163914,7.20386209902325,-4.55803359356791,4.65976103535264,-6.27172856136482,1.06080054712016,-3.53764942587624,-1.27656739533446,-1.53267728797726,3.46787819030883,-1.16093214952153,-0.896996967548078,-1.02334784769128,3.21363373081339,-1.26937678081147,-1.57917431769818,0.409572327084419,-0.677304739398387,0.292695545989287,-0.807133849775078,-1.97673596010617,0.687316838273651,-0.518920135823791,-9.40409859359614e-17
"Mi.2.3h","MCW_RM_R_26","2","Mitoxantrone","3h","9.4","4",-48.6929290133252,-59.3806919929602,8.8515819172721,-28.9738634120049,-22.9343163729015,-31.7280482064666,20.5939736166521,4.55387646263572,5.17670986059055,-14.0638035541852,-0.548173059219151,6.63821137061592,-2.92219275295942,1.18848983686058,-7.4107660072969,-9.69126171613088,0.247732837632405,-21.6346425845608,5.21885938995721,4.72445757039336,-2.76731690488439,-1.24454804517022,11.4209153448525,-18.0627063790725,-3.0280348595245,4.28085847673245,-0.0163613934562392,1.58710543522363,-4.17637092327468,4.42483273947229,2.41496819320526,-4.90085085446879,4.47698451007977,0.546871897710141,-2.39669806911994,-0.627554761298447,-0.428596685900524,-2.08478522809615,-2.59667879986104,-0.923194821841965,5.40621488765219,-0.407042976214428,-3.10368914403627,-1.80921387490429,-5.26112176614576,4.73250042918352,6.11769763680529,5.56690111087342,4.83210284954301,-8.63869567302062,7.22635499854433,-0.364195313573408,-2.93000915629925,3.08281179103651,-1.06839840394827,-5.87953463235251,-5.89444484056571,0.189623086182367,7.07518098120937,5.8094662980333,4.16030090020818,-5.27969579320147,0.482302235786828,0.504666173440885,6.4822578538909,1.86909996460841,-0.320715518806628,0.678278227111745,-1.64478362159935,1.03697899766545,0.0105419880907895,-7.29371939364384e-14
"Tr.2.3h","MCW_RM_R_27","2","Trastuzumab","3h","9.9","5",-60.3234735520126,-78.6456131685281,9.51603386972515,5.46222106937342,-44.18010260447,-49.0981216837758,17.8133564448201,6.91682960236944,-10.5193982650707,4.64726913729201,-7.4658019885552,5.43737203375503,8.40947181810503,-8.95071019727444,-12.6783056859568,-14.8255883903166,12.3807094795288,-12.3016603972287,-0.669818338201256,7.00357873448144,11.6523691730979,3.62561478567254,-17.9367205916091,13.8851404698422,1.24594563628844,-12.1893982339337,10.2469729173801,-1.33781175833823,-6.02731827750953,-3.86728595854505,6.27835176492114,0.46640395946651,16.5006799999648,-7.04135725276705,8.52463975363417,1.82019872610263,5.36868589591543,3.38785083195088,-7.66050728879934,3.60748129839942,-0.848168092510353,0.437261445234286,-5.07877903199155,-3.37900581436211,0.912421268438637,-2.98569336207989,-1.48656678553753,-5.61043881472448,-0.613247888959881,1.10989958156676,-2.18443611074777,-2.78949197793921,-0.986427321624208,0.815729298773509,-0.185875639629521,2.55373023311264,-0.538380196198819,1.03085037891439,-0.0279691850778327,-2.58695032527665,2.22951900561677,-0.803766734773995,0.846265854219561,0.179722503203928,0.483201512022473,-0.0359954682160225,-0.456847109485428,-1.21937863404227,0.702382785638597,-0.413798630756983,-1.35620292362365,-2.1387487050481e-14
"Ve.2.3h","MCW_RM_R_28","2","Vehicle","3h","9.8","6",-59.9002422634676,-63.8689987519529,-1.68581103927637,5.52510988826301,-58.7495739582534,-12.8127353891415,11.8995446824177,9.14338060479116,-6.90203401601288,2.71836135737201,-14.0431004752692,-0.774319457723499,1.38928547238866,-18.7524397668075,12.2693531313257,-2.97980304401346,-2.90866038296752,-0.224675879969667,1.6222001487423,-10.0363030674015,4.5140601949356,2.26117999540207,7.58859745436521,0.540047295794402,-7.9413676185066,-2.34024640222033,-4.32325233992825,11.5609745086949,1.24615621291607,3.61513981023076,-3.87717274137602,-15.3241843535437,0.532698282722331,-10.8862675746391,-1.33332841962033,3.5431201775947,-9.09377522308895,5.39778366464777,2.70366323895345,-0.105088433457148,-4.83104004239928,1.85935554228054,6.5379882416843,-2.34309097109378,-0.757020923949029,2.15717554241005,-5.40237096121036,6.83915766241019,-2.6231429232953,8.47329371384108,0.602467430986324,8.51767225095887,0.834608499247656,-5.27452644406115,0.561278036803445,5.16054890588198,-4.75354152526409,0.896406990791432,1.50327475231385,2.15818618517035,-2.13111107708703,3.09785570603493,-2.45600638277742,1.75336720940416,-0.429679411103369,-0.178272888355067,1.776247401927,-0.536259258448414,-0.271213714411956,0.456895932589027,0.397604691131509,-1.06159655718918e-15
"Da.2.24h","MCW_RM_R_29","2","Daunorubicin","24h","9.5","7",117.553151471568,-69.1962653595961,19.4508945947428,-16.3644817137757,-22.880213847385,3.63279901247207,11.4988765118407,26.8826104488102,-2.08039016248751,2.8251515364612,54.3329718769538,-8.9664221616338,14.8251434260147,4.39832197601835,11.1567795074269,3.73867790439069,-2.43517903083681,1.15671458558589,19.3159520019907,-10.3075772267671,17.3006136858712,-4.91908302583721,-1.67328310878126,-12.7806103029167,4.95576855881006,13.6063877509529,1.28918225795753,-1.29670109354126,18.2901042777468,-15.5835899007912,-3.21093855440334,6.49519116087636,4.04897891826789,-3.78973288919924,4.62251088065933,8.41546827012693,2.35273047827914,-1.25233824677137,-1.22469984578825,-0.0266649023138005,-1.16190372413862,0.0924929204657773,-1.20141715924719,-0.177741154745182,-1.03674413227479,2.02238919103201,1.55419402769651,-1.1537853761917,-0.43626343273418,1.99030731311647,1.31778246270682,1.0267276505761,-0.351474343670589,-0.00426223292193353,-0.362247257591714,-0.650647881877516,-0.37931834532469,-0.976449185111664,0.27575759102934,-0.0926663828661029,-1.1595401373365,0.792045044220266,0.234777291413003,1.29761059231789,-1.54138388234674,-0.827528668536224,0.117199694914855,-0.45526368905621,0.110633798400791,-0.00826422291138727,-0.11226998661896,1.90929628877956e-14
"Do.2.24h","MCW_RM_R_30","2","Doxorubicin","24h","9.9","8",132.937431190796,-75.5238974298255,42.9208933806848,-51.6559119441926,-42.6967581508342,39.1213971768234,30.6509185483395,36.1465716342653,-32.39239233069,-14.8750022698384,48.399927242804,-26.2410094604451,-7.16201729161735,4.30050555464617,-11.7453369641545,23.3802890923675,23.6005073472794,25.4339592444258,-0.371826417086746,4.87587166809563,-12.6877446194895,-1.12056914531521,-2.36270674145215,3.32979886226562,-1.59882003818345,-6.1573420257873,2.39418183014059,3.48436393536148,-13.615959710324,8.61535951819134,2.02841520625676,-3.66507469680256,1.5988209344851,5.18285442407235,-1.9271745162158,-2.6163052177711,-2.53422992983037,-0.697898862675521,1.04300504858716,-1.77431433752532,0.609567630687306,0.625505133170009,0.717573095323904,0.471998403153528,0.502719343729558,-1.65229795342105,-0.51174904274586,0.609589326390711,0.00234790376360853,-0.299165854920576,-0.168914757233427,0.20596428028855,0.125183019009282,0.454991945880091,-0.0484464434952137,0.0998882225726771,0.0597923872576724,0.8027586199336,0.136954329807537,-0.478325419585606,0.652812100034494,-0.416439472437063,0.369630449739022,-0.930773128431115,0.501522293475336,0.0984911221244094,0.149770458718794,0.219400615860565,0.117376753205622,0.0156391426286167,-0.0298445458353719,-2.3800486050312e-13
"Ep.2.24h","MCW_RM_R_31","2","Epirubicin","24h","9.6","9",37.6964485824926,-99.5314269496274,169.198687827394,-81.4642876508663,1.33712248893759,40.7813130290537,-95.3718537044872,-43.9474195968337,-26.3384538594431,-0.77911864593337,-25.9388259868275,1.42096590615625,11.2234997459191,-3.8268427660242,-0.256588048340161,-11.4268296249611,-2.29328250119429,-5.94600408991489,-2.50809504907926,-2.8307235593271,-1.3569644826106,1.6475034343028,1.13086986190233,3.01495978080293,0.51935555543254,1.94845020347051,-0.536194045352695,0.0852812249443469,1.73660956637565,0.450716758691053,0.202441402524333,1.98366703093416,-0.838128841615206,-0.288572581113806,-0.263579243509992,1.04076670253266,0.159920501958367,0.116976190372685,-0.305913024857584,0.448529252726133,0.868761228803001,0.150716932381985,0.172591132997836,-0.183417201879959,-0.0732320766905261,-0.175723740917443,0.166244337002497,-0.363151033883611,0.271518644694142,-0.0979875127534371,-0.175934186727084,-0.229055260802378,0.246598293605992,0.0209608011384845,-0.0197480519393101,0.340634234543455,0.1187792218169,0.10264839628976,0.0774188052892489,0.221117579409903,0.0731499219745663,-0.0731050613313403,-0.0394336656869295,0.124385484975779,0.023699326434444,-0.165619624349445,0.0162232644447014,0.0189858852881065,0.0786381806105571,-0.0409629369866938,-0.0532129262530471,-1.42341975879756e-13
"Mi.2.24h","MCW_RM_R_32","2","Mitoxantrone","24h","9.9","10",-24.167881258885,-58.0195291508822,-32.4604887772506,21.3655776635167,-35.2081158655348,-35.2724482858525,-28.2433664824301,-20.5557995113376,-3.27200219592826,-17.7368083849786,30.8012694906217,9.63256222798272,-5.91634852697933,8.63475432672825,2.84636519131316,9.14732036171989,-17.7322283449585,8.418572785819,0.67320029430366,-5.26470532127143,-16.0888287987881,7.76467328524632,8.70987953841702,6.45811702383321,-8.40778873259837,-10.4569011971411,-6.74729321332692,10.1323134892528,12.4936677987636,-1.74547527897697,-0.571234556866402,3.66409508373237,-2.83722093723606,-0.884397748506662,-2.10691274998777,-5.46809293146445,1.41138349033944,-2.83760258022251,-8.14568601040781,5.69796979533918,-3.26294788908627,-4.24403323072703,-2.77981834189502,-3.59976938046917,-5.06139230415626,-2.43743329340851,-1.09145831951017,-0.581817380197775,1.06649364309232,-4.57676730297692,-9.23976216113963,-3.51639964505817,-3.53487827562554,1.61484852479775,3.23797492440107,0.0683298743193792,-1.05209294856338,-0.441314551312948,-6.29293085512146,3.36497458895455,0.985859968702487,0.978284909563504,-0.802273127987442,-2.72690177545548,3.34562979090898,1.12794273161163,0.992286079602064,0.626202888546539,-0.635008027215915,-1.06082804132581,0.632546893495473,-7.61536558639697e-14
"Tr.2.24h","MCW_RM_R_33","2","Trastuzumab","24h","8.8","11",-61.0787854097001,-66.7387889115535,-16.7100548015661,1.03582729236852,-30.9153253533639,-22.8614933849655,-4.23425051080079,-14.7414683771722,13.0185715971277,28.3131883638991,15.2965954079766,15.9332798172078,8.05380946319589,9.57338554465363,3.35666340891545,-0.930562074591484,-7.74141983862547,8.60546394468459,4.35234283216695,-2.51599174518203,-17.9203691480252,2.94934452215175,7.97041540462623,0.454161331869854,3.24808497485973,-7.63184843010769,-0.140707232681213,2.77934032076404,-6.63483386726115,-1.36904605838288,4.60422935181685,9.45911761229413,-8.82668010919634,-10.0608297615924,-0.533883824841072,-0.55006269243922,1.86673637860022,0.369772311281701,2.89228933074723,0.436143502116294,2.13579005818643,-2.15916162683604,-0.689756587677087,3.89160885452438,5.60528838887399,6.58457283051374,-0.964475718172209,-6.2705541506799,0.417390820008177,0.869226192436613,11.2756549759595,2.13863334992033,4.73531871108795,-0.744409961781789,5.696433994526,-1.51839513272208,2.22461369183226,-1.73985043483777,4.84162233567109,-7.45553574636137,-4.02500575990715,-5.23538713586824,1.04349854339575,2.25332180879208,-3.38797990422685,1.21089171163575,-1.79346874585683,-1.23891224253273,1.11403635516436,-1.54290488529289,-0.260806151433752,6.19011677853443e-15
"Ve.2.24h","MCW_RM_R_34","2","Vehicle","24h","9.5","12",-65.7914491600495,-79.6580585249363,1.32944131382086,24.1707491851264,-36.1056317527257,-27.0318688918032,-12.2334890962099,2.75817492266174,15.4326815768132,21.3954795822852,8.90432192142324,26.7676463563569,18.076725044892,4.59542527590297,19.8978051500522,-1.84124308750432,0.31374522127886,4.68796746897335,4.46992188763473,1.86317872042289,-7.97465730668542,-1.69329349174913,-1.37273438437082,-5.34776622285389,8.80176039931952,-7.93423630665159,-5.63300934134544,-16.7041033777875,-3.80168929189044,-7.15613076055002,6.04495814560302,-2.27579361436542,-3.95975829258798,11.1765711897415,5.83502239996674,-2.35431496339988,-6.24286394658891,4.21342454147104,9.06678558659386,-5.36107039591302,-2.54261894425595,2.81202333941079,5.80161105128008,-0.885478052158522,3.19284726191179,-5.70329722009893,5.56696713341558,5.9047803165595,1.73988013950125,-0.685258794005866,-4.36653632581754,-4.70998683306359,-1.40935908492417,-2.38247146078629,-6.97459136797949,0.889966854995064,-0.0600041364206035,0.836442345937922,-0.868133036643478,-0.0513379939586314,3.40882236054031,1.18989694195444,0.279878821720744,-0.350454229379403,-0.209654404212757,-1.97820776983024,0.281414583139087,0.422385805343341,-0.639360670904723,0.871447608902109,0.427063428400913,-2.85090148103434e-14
"Da.3.3h","MCW_RM_R_35","3","Daunorubicin","3h","9.3","1",-40.8408186822525,-20.5127083483541,6.9781950399762,-16.2466695059616,42.8577428601484,36.7289460443056,26.0262460742055,-9.83894227788365,21.968968599271,-36.8720131009794,-2.73202518815102,20.6078154369766,-12.8274895872627,12.5419964539646,-10.0188533576297,-1.24928201317747,13.3961617556462,1.47758286889183,6.79930341690108,-12.9346328658497,-1.30398651592312,1.47582702524242,5.86331542341864,7.32123198241393,2.52650462296275,-2.36381817450089,-1.30124095092484,-15.6744996500207,1.18500509234712,-6.55732011573365,1.74376831628376,-5.87210229575173,-2.68514842771342,1.9122966770317,3.4731551414503,-3.16631551505558,3.15033274440656,1.15042339725964,-1.17412651955141,3.35283284037465,-4.03273670472951,0.980574197435887,2.503460051426,-4.48905626210689,2.27230765022948,8.26819623390059,-0.592494725158985,-7.30799445389058,-2.28768186683003,-4.98376122673425,-2.68378808924405,10.8463092585914,-7.72655725566228,-6.52763737467644,4.30979666041051,2.76911921352654,-0.352809370715386,0.875331483369933,2.64307826025394,1.22568004010997,-0.264725742627003,-0.908553887249688,1.82944637952802,-0.603561053935538,2.1393982541298,-1.65348395781661,2.31392805064598,1.62082000250889,1.65634703954379,0.229260337074679,0.135009650679202,-1.02898307821446e-14
"Do.3.3h","MCW_RM_R_36","3","Doxorubicin","3h","10","2",-39.280780511888,-7.78106478381502,-9.37444570196247,-3.53270041764873,-4.13519017993475,37.8725809672019,36.6143583658571,-15.8160427555014,-12.8371529610541,-32.0400418578088,-20.0742246744189,-19.3972457919917,-15.4760296202929,-16.2489111764379,-0.185121969792459,-10.2689929009281,-14.3853153723749,14.2877688630275,9.01388377681745,0.530634538069631,2.03931275244883,3.94678913760283,7.3159920902431,2.84923899922457,-10.5311419588043,-1.58048752541701,6.52310959400554,-6.88348099346898,7.05094342558926,-2.65932965085541,4.22991405373726,7.89711524814608,0.00438933654055251,-2.49562813327009,2.02068084621084,-2.34671347022589,-3.6552238546071,3.99904404847341,-2.51972221306756,-1.91733314499197,0.204041722859814,2.73719365610903,-0.964199985289776,10.8121211150686,4.44775357466335,-5.15255292650359,5.4722701375521,1.54682945477771,6.26437970051661,-2.18459553518984,1.96042949876071,-1.58127562444511,3.48948124758352,-3.68602608737807,0.513751175255634,-1.79643846505992,-3.63749609516907,9.11945856983975,-3.05986254649796,-3.0227868530901,3.53152075124164,2.11530530623517,-3.9500998893753,4.17105700846795,1.00487999370374,2.6558887682417,-0.602561588945439,-3.12607804955036,2.8267902005795,0.41778584813286,0.893573883822006,-7.14915594172277e-14
"Ep.3.3h","MCW_RM_R_37","3","Epirubicin","3h","9.3","3",-46.2404521831386,-19.8527186065603,6.90237862847669,-2.17887914352746,57.4809397284509,11.7873596482087,21.2107276658827,-30.6746568292632,22.6217362119078,-6.32544868116773,3.4460611963514,15.9360289049111,4.5419306179654,7.20169894382105,-11.941881918034,11.806909361185,2.15008482665786,6.49121075663502,8.43647192329828,-14.1106684471713,-0.368121448149151,-8.68302015630957,2.7650433098487,7.355993167069,2.6802650688447,-4.34411702526153,3.6747497127682,0.553399233599827,1.04856073065747,2.33309935510131,2.35901357905814,0.107526871308443,-1.55115295377392,3.55216138818305,-1.24244712871719,5.59254250485233,5.06244602671836,3.44450539803916,-7.3367256109498,-3.63260442157542,3.78098524974189,6.38966361369759,-1.90879610932989,-0.771240002496613,-11.2781256603549,-1.97791895412585,-6.10148535841654,8.73166267355472,5.71744174479879,7.71611555375039,-0.180237407474479,-3.19194208811659,0.430732835215749,-1.65118538652202,-4.77009718591737,0.631524251221087,0.35893584612563,-7.07646262336615,3.43748746790035,-4.09153358214578,1.25967754394002,-3.2208226544395,-6.90772870384566,-1.01176073850079,-1.9979118572333,1.88910670101042,-2.84803970827094,-1.1136326184721,0.361127572594313,-2.32680560281559,0.194973996589053,-3.12700711678493e-14
"Mi.3.3h","MCW_RM_R_38","3","Mitoxantrone","3h","9.6","4",-50.1401773127315,-30.0187642005937,9.95365482248262,14.1147867383581,47.7545515974634,17.9672298286948,17.1383098707485,-19.8252435370519,22.2874523369759,-22.7538599305257,1.90656092239271,21.503766065584,0.866426952313426,-9.0629651812438,-2.71869733354297,9.52452213958948,19.7215239722176,-12.0603896079756,16.2043913861452,5.20644857257564,-5.62475214515197,5.22998677764759,0.619297610491798,-7.61748989145689,-10.6462525645423,4.02023872893459,5.87199972563744,6.24343103494192,0.115831770292706,3.92358514001755,5.63362665272561,0.662682174458444,-1.62375251703091,1.44451375471211,-1.18583074718788,9.03122768946726,3.04639006451264,0.237929123153027,3.87351009391724,-0.0532129618640412,-1.25689737890352,-9.95682889663959,4.28882088715711,-5.18027669888774,5.15587232052096,0.463381771942651,3.63452029156468,3.12100781228599,-7.9532729013973,2.86649552564763,-0.118271077470448,-11.6006786361232,3.33675687427844,2.96668464185913,4.02342176482338,5.21767353164405,-1.25670773522593,3.65973267754468,-4.29404032097417,-0.904441017108459,-3.64009371025192,0.627625477907677,1.72219025379684,0.684238226854914,-0.503560965594899,-0.487010619628038,1.24511571715504,-0.457649845101104,0.164763007794825,0.5433622139715,0.903968350748621,-7.20691003619836e-14
"Tr.3.3h","MCW_RM_R_39","3","Trastuzumab","3h","9.7","5",-47.2207574889083,-12.6988788460284,-20.9100323278622,12.8360660549148,1.80770113441769,27.5775511040174,25.8737530108314,-26.2597065543279,-33.170196027252,-10.0827576972194,-11.2565770226008,-9.45873625126362,8.73028845358269,-25.6480296330769,-12.5254974337566,-12.1047399923191,-11.5994089251952,14.2806398101644,5.09536616362943,11.4333054625986,-1.34452608812144,-3.13397647509992,-7.4321528827184,-4.50933587043426,-0.943281339783832,4.72731051404976,-3.3103828905198,2.70212696449831,-3.45067385428161,-7.94285048250703,0.343109534436952,4.01303647773135,-0.324622700681699,-3.48323384022114,2.92912205073397,-2.56620035469041,-2.01104376899129,-0.754797184728253,0.024501897630814,-1.63222853836923,-5.12760936422484,0.729409228651141,-3.422106896138,2.06286203485681,1.85316916322365,3.29955917966846,-4.18216966855182,7.79326546526317,-0.19293572138813,-1.3370609686021,-0.657626516873446,-4.82574998287513,-2.15660612463547,-5.43357686597688,1.55550686292995,0.505975557048758,7.28733741817293,-5.27746041954471,1.80794946081878,6.10785714311352,-2.53749551020597,-5.96776196708957,6.58591712416948,-6.80648782050646,-2.22387379522392,-3.44992521108518,0.885684189055677,5.36986301981442,-3.74471290313827,-0.842532334640961,-2.03868854186886,-1.97046268089415e-13
"Ve.3.3h","MCW_RM_R_40","3","Vehicle","3h","9.4","6",-53.5620234612261,-25.2456729958162,-22.1045619585666,13.3087902721729,30.511754060708,31.0371004396315,8.4617236552129,-16.3687554466011,4.13099888962633,-6.45788365902842,2.9295542696652,28.790046985344,23.8347651042256,-12.4257595868908,-10.4010617705393,2.32579803805953,5.29539333307261,3.44702963771078,5.56857106296253,-14.5534795814222,0.983524546944434,-7.09810068486064,-3.09849987341249,4.74890911068934,-2.24178285557106,2.93209922633929,-0.975330460148696,6.32919168432152,-7.88248195292137,-6.53000078606642,-1.80116755523994,-1.69937915872768,-0.0427223750359323,-5.21756378863768,-2.40740811813371,0.384945539289418,-5.73732322099969,-3.19118798470083,9.11827476782592,3.9117606136579,-2.74490727311559,2.54436123593533,-6.25025084205519,-0.372509766178658,-1.87726438430702,-9.86587425010581,-2.59354725716089,-3.00552995627022,-0.845531606616519,-5.88185068458176,-0.391201859662073,7.11732862321473,4.69651870481477,11.1388594809193,-3.50618439905521,-8.81451268472253,-0.348332191358935,0.984219397505081,-2.01638012949185,1.28949542796262,1.31605256757411,4.29792145545786,2.72754734997396,2.61254852404227,-0.934344729660397,0.651778356009268,-0.896971960682901,0.882367306594848,-2.3920653793577,0.374260594640724,-0.985898256112114,-5.99070624921275e-14
"Da.3.24h","MCW_RM_R_41","3","Daunorubicin","24h","8.9","7",110.428339428102,-30.3794087356381,-25.6772246099179,24.7389399621795,22.9326286353503,1.37057321922571,13.1255766629088,-24.9103097865911,10.6380784529433,-6.68431021299046,7.38570627253845,-13.2961108304754,19.7516444578608,3.4774572877085,7.84937036432895,-9.89525881140266,-16.0235547173297,-16.2980952897351,-0.70623204185388,-11.8750519421282,3.83952111157961,14.6615946904946,14.0067949034378,3.08742550501062,11.7945831638481,1.3905813657903,6.20057780802971,5.33445429064129,-11.907130768575,4.97746247832912,1.72910027077588,5.15645171696728,5.75204857939388,5.00334928305173,4.06441520188915,-0.531057858564471,-5.23534324944959,-7.60422055343031,-6.45259293306255,-8.93836422649394,-0.650469223862004,-4.43735032454964,6.27054283140244,8.43450235307594,-0.375973265560705,-3.91663430652844,-2.16304322803188,0.669664652427056,-6.35244211868179,-0.562742214248352,-2.6583209690682,4.01635022681919,-3.98145795553857,2.66456677409448,0.206786168758352,2.65271381214636,1.59178103262079,2.16256010304476,2.84254907670391,-0.596394121194297,0.589755227119333,0.680056844691169,1.47596471128038,-3.28948401399207,-0.763132353384497,-1.68953278543601,1.51314586678382,-2.50927106371654,0.23235835980217,-1.26039724843915,0.0886696192708253,-2.22261282729203e-13
"Do.3.24h","MCW_RM_R_42","3","Doxorubicin","24h","7.5","8",111.900252549632,-53.1790376560505,-4.11411349218683,61.8602889019954,-3.71868221059721,31.4647695704014,20.7160611251417,-6.65869915931519,8.32027432048671,-12.5467224515031,-14.9582341007011,-9.92837418189184,17.1418122029195,-3.09097719534055,36.0271540700445,16.9908570229557,8.07730549240466,-15.3683966924113,-22.481088133148,3.96363942725313,5.79974136886293,2.9828035869988,3.97581793284984,6.345794801557,6.18391825109229,-0.152892465559254,-1.94083848897639,-0.721633629884568,-3.89969196806715,2.441744093203,4.72769179552675,-0.113114837390068,-3.15208634682977,-4.08031337570982,-1.68591175041707,6.55633637581665,2.60936450131108,-3.13927748300397,5.64339032349011,6.89168632325321,-3.91553473677947,-0.414080066185641,-7.76457422175442,0.499506211002704,-1.36465585671152,-0.526750697822954,2.36255761127252,0.188281620299833,7.6580272715477,-0.271077630412016,0.944946551823754,-3.81888195332191,-5.13588747311457,-6.43969357343899,4.5555641998134,-5.03693099636701,-1.500201929223,-3.15079783968476,-2.48216115598825,-0.778566487892549,-2.40043217584119,0.185665983926638,-3.2238505695346,0.365196346965439,0.588946018414166,-0.148152023935815,-0.0120772315438929,2.47802439787096,0.366056190855292,2.22480112832774,-0.400988494889286,-1.01568466094257e-13
"Ep.3.24h","MCW_RM_R_43","3","Epirubicin","24h","8.6","9",128.671057399172,-43.771424916401,-20.5998573398642,10.8894743899001,18.4568295372141,19.7809916906226,35.9646162484622,-23.0613402000311,-6.73401788199842,10.6391207791369,13.265509359298,-12.5530488213667,24.293243313952,-0.305523760530431,-14.0092941261295,-2.86175352696745,-0.271985027038324,-20.0868569869945,-31.322200199177,1.84912350468787,-1.54530914411947,-5.68166473655221,0.990590144241788,-3.55338565933228,-5.13996572508238,-5.12797240363969,0.450377520637623,-4.05164791195015,11.2448359203397,0.332662009649596,2.34389652422807,0.64659941083971,-9.13225301167814,-4.4935029619195,3.41186902009099,-9.5557117319532,2.48051618654348,11.2594943352099,0.692353964609264,-0.733044031442744,2.90459084320835,1.91677525149145,3.45937123986569,-2.93985280836478,-0.274816665337445,4.77637396133516,-1.27911155607575,0.280470102062279,-3.51015192258848,-0.065736083473383,-1.50989968613044,0.737803290414955,7.42747803709801,4.66123247366892,-4.65896276557163,3.04454314341261,1.26211445904335,2.57380953006917,-0.760937947593185,2.3430674550068,1.7283943134919,-1.63687861920493,1.27553629336982,0.535955384908003,1.13500368058879,1.66450791980445,-1.14278244397621,0.394045589195303,-0.437433299668704,-0.810114771885986,0.323160601642473,-9.03540480282072e-14
"Mi.3.24h","MCW_RM_R_44","3","Mitoxantrone","24h","8.5","10",-3.77847830435243,-16.0654321813295,-40.0844905867326,40.5799609718108,-1.39686041959944,13.8379008619256,-24.8638415324025,-39.4002140980588,-15.3822312839137,-33.6323512910069,25.8979210610403,4.20957842900546,-3.51325010405045,-3.38146008329196,-1.16391690956347,4.0248522503057,-13.4110628792893,-5.48800263386869,-2.62804233474607,9.15351681821602,9.92545038571842,1.95508413243168,-6.18733301825328,-0.393883090946603,-2.60958173768886,-4.28246171382716,-3.57342048185991,0.0612580931621574,3.87168699441339,3.60683618898975,-6.7443337341019,-8.68575676087428,1.5463816226783,12.7516129540402,-0.58744076319117,-3.59743473153359,-0.684606619134537,-6.3812050196811,-5.10739232127614,1.09421680958068,-1.63144604540954,6.45597515444783,-3.7541194120604,-6.11061708315463,11.000324155338,-3.8096673093669,4.223626776771,-2.49030316763891,-3.3031951184736,5.76397782979607,11.9858343746018,2.08162752638935,1.13059974428393,-0.897547869098928,-3.29640363780564,0.625563768718476,-0.477281678505558,-4.31432234447137,1.11767140479828,-2.78543490439512,-0.162157530097903,-1.3148256862247,-0.00739687884898116,1.30908238161122,-0.035918143306589,0.838713353918982,-0.210406942021502,-1.23167203449487,-1.05269156465516,1.47022339644146,0.0886824950766581,-1.56971400396173e-14
"Tr.3.24h","MCW_RM_R_45","3","Trastuzumab","24h","8.6","11",-54.6019214077139,-21.2440329967587,-20.5923285019683,32.472300473497,-21.2363623564244,40.8290510574005,7.38940405837884,-15.1660625713364,-9.68193808225091,-4.32063162345565,-5.83873083140663,1.6356274181559,5.52974769564429,-8.08021507386464,19.2038010062213,-1.80067431749113,-14.6414466822431,17.2552907471158,-2.21868856265319,15.7865674756608,-7.07823540168415,6.8387868082593,-13.7602549282149,-8.42324758711757,5.25971468146721,3.75234847378255,-1.67182372820564,-9.75886371252123,-5.4291922007368,1.93870797897417,-3.58287609878566,5.189395651181,4.41621851328551,-5.51774712206717,-6.65773806528827,2.47991841653971,13.818300563754,-4.68660939809029,-1.75866271630548,-1.12886352952607,8.05344755018393,3.30894425589961,10.7073700937194,-7.19347038176091,-4.6494830224032,1.13375432661725,-3.91646576727938,-0.30071551459157,-2.57630369496902,0.098137744590855,-2.48604732960229,2.75370186013721,-1.30139494751283,4.44760529942103,0.0999313730653417,-1.36395320345889,-3.53230267813543,1.45855061794026,1.86652839309679,2.14421624781655,-1.78724616642588,4.28614669996819,-1.50579453696168,1.85904104802199,1.3190401695488,1.58711413189266,-0.432497876780715,-1.28359456939411,2.1420844390576,0.198524296399271,1.23760612699674,-5.57604499682937e-15
"Ve.3.24h","MCW_RM_R_46","3","Vehicle","24h","9.3","12",-61.8284332215647,-31.7322433574052,-16.5930704988429,22.1135839003875,-11.0571800868017,38.7263087664674,16.2237270606362,-33.9027912388377,0.136790639874184,25.7083413481384,-12.0276830006875,-1.35076762106181,5.84559463157527,5.6334960078126,-5.2541277944867,19.3669947944299,-4.46082765670284,-4.31141755572451,13.0370954593875,2.78678252587912,-3.11683607832979,3.9989271328433,-14.888731144442,-1.75414808681986,10.8660805001736,0.196557776905825,2.14866511540484,3.57325025246857,7.54158636520831,8.63461033159105,-15.1924532014647,-4.59539664984083,8.05425999334088,4.72228272030604,0.2497615416335,-3.48660726185408,-10.751043114178,6.06952431092069,4.0763742766515,0.703606717114121,6.12161911789507,-8.61632383807945,-2.12782150116601,4.22402080089242,-4.26410685515677,7.66726033961926,3.88213657143414,-7.51342151978451,6.11628947559383,-0.149827099382369,-3.24900123998309,-0.400126827258819,0.0182151006718517,-0.77716087215601,0.143808539388116,1.35540282750211,0.791866747425479,-0.528551921096302,-1.0261395753704,-1.12628321277469,0.834844777133074,0.0690360622069247,-0.0999548199808962,-0.0595306347555977,0.540159882492996,-1.49331138148301,-0.423507882496881,-0.866188210643068,0.107729838377787,-0.630719736762367,-0.440216569643635,1.8125285343798e-14
"Da.4.3h","MCW_RM_R_47","4","Daunorubicin","3h","9.6","1",-27.0765222943228,54.3301033836117,53.2215887863278,2.61226254677632,25.6316314913091,-6.7942550220229,17.6028620900087,-0.334839639259607,-16.3014529199526,-3.91675928994889,-1.00817733954691,-5.72481505088115,-17.0753826695427,25.5630715517131,14.6826583951802,8.24934140026938,-12.4212629173831,-3.12523182814039,-5.76234435121136,-5.12602989516711,-1.10620067953644,1.6326592444332,-12.5415093286104,-6.69511376763114,-0.783155753721109,-2.11293047232491,3.81268362998737,-0.531598290471255,-4.37876419217516,-5.9847438260274,1.80547637070769,1.74188995702951,0.923500330553051,-3.77796682434721,1.43274152257865,-3.01977958858578,-8.12805675351522,-1.47641291319721,-2.10833485147806,-4.98020496017908,-11.0569362120202,-7.27105091385653,-2.7564721259929,-10.2471494081313,0.616108317126454,1.20125228121599,-2.34173805740147,2.78888375517473,4.85047679973514,-4.20759466906314,3.53441386986614,-0.329377029610707,5.73010607919607,3.61877177221187,-0.587011616116804,2.91462168113898,5.86061782395231,0.190525343920655,5.67506081931317,-0.888545770884308,-1.32967809691587,6.01047329664912,-6.34594378120074,-2.06403090758779,2.32152381073155,1.37099727571472,0.59817712658904,1.31836339808178,5.54877591355212,1.48623246477208,0.0190127565658287,-4.04006221651956e-14
"Do.4.3h","MCW_RM_R_48","4","Doxorubicin","3h","9.6","2",-32.5581641567605,46.0843100324972,38.6098942600051,23.0052331825257,17.6213700609122,-4.78312040040811,12.5964218777586,10.6173560847979,-24.0701195353529,0.0125939852923217,-6.08402753206342,3.0231161484527,-8.74384586810638,4.23476701838368,16.8486159601311,12.9304822896322,-0.82407947453586,-0.775492886740099,-1.44812021781867,-11.9783062647938,3.57785717657719,-5.40731624644049,-5.72979587672956,-2.74352926413536,2.61670883409851,-4.36109324192408,-5.13743271078817,0.888913545823012,2.04033525402361,3.39828049081027,1.85654664303362,2.8042436644423,-1.43011353454715,-1.54504707822605,-0.458098015382116,0.883295761487578,0.25050304179342,-0.722524437182916,-1.55653204572645,0.284372754929318,4.14103343958708,1.27973696209319,3.87656021252897,0.75311628552737,-0.334588342713093,-4.81067662199683,-0.325921508897061,-3.46698557156956,0.237992774428402,0.454737234764536,0.512907776486767,-2.30236943529605,0.875758806727439,-0.745080377118071,2.09451094324754,1.90404376237153,2.66169717065317,1.80567061845095,2.82097799959121,0.154102982007355,4.87090528605603,-4.59391683897825,2.89575001145333,6.13259501689537,0.843446318537714,4.95346711081955,15.2129565609159,0.967147822778009,-9.0412709608187,-4.16941774677664,-4.1495772939698,-7.21920124659267e-14
"Ep.4.3h","MCW_RM_R_49","4","Epirubicin","3h","9.4","3",-29.038047822636,49.311186257389,44.0448400995507,10.7762043388137,21.4026282484971,-12.4197060777559,11.9935706224498,5.99574445725668,-14.6960173531522,1.90942405751763,0.924123154205513,-2.67893716074099,-7.14648166573911,15.5675421417257,17.0803696977878,7.2693238011382,-10.2475370325009,-2.90130305848783,-2.92858019014149,-11.23749880724,3.24939833121,-1.31269558713568,-6.61825137957176,-2.50696809104288,-5.87537003540198,-5.47712917487954,4.99696571562843,0.0380674280622032,-2.18147083896025,0.342453460022461,-0.863388003452961,1.78744576340289,-1.29843224371409,2.30099718258506,-2.42816967655173,-0.32956404987935,1.00117545423805,0.175289933288205,-0.825685515337731,-1.32223004086123,0.575575267603608,0.753842939182356,2.37010991978175,-1.89638108750003,-2.90548378813513,-3.79627784028811,-0.454641471228033,2.09605244210526,5.93042181485452,3.40463989449926,1.45257947118737,4.16585330132792,-0.144806346512021,0.462546112975256,3.11057378311912,1.96135100446365,-5.24788379338506,2.85050933381015,-6.58415456636137,0.587609260761971,-1.57658124986384,-7.25012449871706,13.6335914258881,3.02228477492589,1.6499906551694,-8.8038021336021,-9.19734640675619,-0.543162734030277,1.05683620467323,0.184510454217968,-1.56096318674756,-4.37940936499123e-14
"Mi.4.3h","MCW_RM_R_50","4","Mitoxantrone","3h","9.7","4",-28.7806308271737,44.1252225785935,26.8054328038673,12.0811867828385,16.0618928256524,-6.0387769584082,7.32939988058225,12.4542219662174,-28.1266081588365,-1.34583705521809,6.27510309495529,9.13996757906115,-2.2799850902182,-3.98692119841649,8.61631274438144,2.86622243173425,3.9738714104671,-14.3071486976612,4.37363837274579,-7.62904351957283,-5.29346770742148,3.45434021211365,-3.52882283566227,-14.5057874546435,-6.37238182811089,-1.87400136945913,-3.1233885266832,1.43877839104652,-4.45143757727596,-0.0921509287737189,1.2747365127668,2.53584235571488,-2.71998825564155,-1.14899384959179,-0.971520977246587,-4.84413798688033,-0.955504945354301,2.45463767771537,-0.889387841622563,7.34250847390725,6.00380633544953,1.77963841837496,0.205683403642547,1.76265600419342,-1.34137151523219,-3.04815303361947,1.89775136872627,-6.05263304473387,-4.37608255628759,3.90977877065412,2.35705241631771,0.452014755246839,-6.10388566017261,-3.80477356019435,-0.389138268198594,-1.25409434873078,1.60582682196455,3.4260935991933,-0.934145835683913,6.17802527580492,6.05752801624423,1.32901063094127,-6.25775215370823,-7.9799643426365,-12.3182472302107,1.61271013409912,-5.17128643994706,0.134859131550658,3.03987323539269,-0.200965136346144,-2.72062054034054,-7.36706567061249e-14
"Tr.4.3h","MCW_RM_R_51","4","Trastuzumab","3h","9.9","5",-35.1538875519262,48.7394712174863,13.6264855467542,15.2328616071499,5.54393364973078,-0.83940403992225,8.86897857482051,9.35268442296791,-40.6420080522275,10.902645689872,0.73266114505631,9.63913404775064,5.07324485859331,-3.10442560576659,0.209317811705714,0.622473000625458,2.99526507183347,-3.91918266899442,-0.749901873701266,-12.5061828890188,-0.0202709899485364,-3.63125047304567,-4.66728348202274,-1.0359586375427,-0.856071418698724,1.25253382803631,-3.73190993568633,4.78377687594263,-3.49738121950272,-0.399505326906183,-1.40957551721388,1.34250267492489,-1.70569417775371,-1.36903833109484,2.50837710626942,0.123468643326265,3.14475752892944,-0.844136808928351,0.409555060358714,1.2507779007273,1.52831496671677,0.805216563804398,-0.351777790951203,4.18215833369889,2.04770696904945,0.240063790367221,-0.604506634025878,-1.6702601063087,-1.90466852602372,-2.3569735641607,-0.743200016120011,-1.54940895291482,-1.28521631103785,-2.5904999580102,-1.62033043421592,1.03500967485763,1.62158944783562,-3.35502795715496,-0.666012166436855,-0.326175864059204,1.63443214058153,-2.75029114166766,-1.32660522953852,0.350881630731704,4.07356134366098,-1.89490230500942,1.01717063716381,-4.1397314209626,-0.62112189167372,4.52456260450972,17.848860786881,-8.7902028041617e-14
"Ve.4.3h","MCW_RM_R_52","4","Vehicle","3h","10","6",-30.8036579584133,56.7488174870567,8.39595918816668,0.533580898334441,-0.470959345742011,-1.45546798639497,11.5364701099625,13.6592656737175,-44.2450497185785,5.10175686590849,1.32434853177498,3.72789002308884,6.94813605069938,0.395588282427541,-3.46157980424933,-7.30048391265769,-0.22040534451864,-7.97502442975638,-1.03124713925636,-16.4505496966761,-3.07378787975966,1.42675723482524,-3.37914394034339,1.43150988690546,-1.39759443448866,-2.24899900146684,0.944554681041553,4.815077269309,-2.20517203540759,-1.64144737794938,-4.12369200076279,-0.778668934390484,-3.13600545532415,3.43627091399936,0.470205926204251,-0.0560997989843027,5.63110419184696,0.0693940587602825,1.18449682440956,-1.87297678228548,-0.208801120180145,2.37294577271289,1.59417282206989,6.46869103431509,4.49657365241865,5.445359915542,3.29417099236119,1.08964901651026,-1.33573463292696,-6.77864491231545,-1.93956252393196,-4.41359257308527,-4.40531166892014,-1.51128554212969,-6.0317415050459,2.15899592387265,-8.71940774022649,-7.36406795708772,-0.861310768543989,-4.10324707796266,-9.36285571557522,7.77918933638729,1.74322444946182,1.03730051696423,2.239764283356,6.99727272091223,-2.72126050365191,1.30257832879049,0.576982343423358,-3.45782495632063,-5.23886505931572,-1.35329351145922e-13
"Da.4.24h","MCW_RM_R_53","4","Daunorubicin","24h","9.4","7",118.968678681849,6.99208751083289,19.9119340773211,20.3001258280582,22.5881134711439,-21.1310164518191,12.0107413745888,5.46833920977329,-18.6371946385722,25.5073075065924,-3.40074353289521,22.1501846197068,-14.8595548899596,-6.46459701634463,-8.41191426609791,3.07444480382418,-6.42069557662264,5.13492910170814,11.0843487286567,5.41529736748103,7.15207297167942,16.4416268111972,5.98056463288149,9.57995335998061,3.86995429637718,7.89794694176805,-5.64835899856477,-5.00292327606739,-1.76225076859577,0.759077278179695,-1.5038901208253,0.301303252952936,-0.0620167940096635,-5.13098677504205,-3.63649493927046,-1.72993701186475,-0.940680617811598,-2.91011033921204,3.26781429183665,2.14552106294816,1.02235191292066,-1.78943724028348,0.150296834422514,-1.19320137449484,-1.65982452742182,-1.8688240980696,4.31994363454602,1.81458133173398,-3.64154499936795,3.97128693516787,-1.40570717854497,1.78583628815412,1.51285589552553,-1.1249078027225,-0.243648183010312,4.65803306370331,2.98752863294526,0.145758269705192,-0.829109987274298,-3.67267764446601,5.77826433645332,-2.93259235418286,0.659807776867785,1.01392539611843,6.33233584337026,8.59645066379259,-7.12639823661504,10.0917295859956,-0.600013475111544,2.7541210172066,-0.191340819238498,-9.21321938011921e-14
"Do.4.24h","MCW_RM_R_54","4","Doxorubicin","24h","9.6","8",121.624091299162,17.4552672039205,7.10620278406109,15.7314045259348,14.7891143321683,-15.9961001401289,21.0047715907729,-1.66820010312732,-30.3234897585908,18.3521316452575,-18.7206697503898,14.6414553751458,-14.2758850923601,-3.40595082886113,-13.5027842376801,2.30588398892258,1.54194960583287,3.33547300437242,-4.16432527888403,9.84440072316207,-9.9015393794897,5.64813922816659,12.6854191254034,7.83863423796456,0.448953645473515,0.00285876647782707,-4.68695176895905,-4.28762324598123,0.851252101944364,-7.06931509173016,-8.26498625679714,1.36655944088154,-0.306729068625435,-1.8251004158076,-2.55952882615934,4.49148163737938,-1.47340469247272,-1.33820000208377,0.285817729077614,4.13911062337358,-1.57454711319283,2.90916003780885,-3.91799881433468,-3.95009775313407,-4.38645260635779,1.47197988521895,8.36867171178297,3.57282575821924,0.514954963890849,1.31198824077503,2.55473377120509,-1.94635087771559,-1.99332061533777,3.94467990696464,0.538147657885597,3.35516337347872,-1.58146912646422,-1.02098706555998,4.85304585764774,-1.7497064806392,3.25437757037737,6.8046565719802,4.94695485609608,-0.216315975779329,-4.80699703982354,-6.79664002493701,3.62459412016116,-9.25611404524695,0.604767855032047,-4.11537151207806,0.311427359981639,-8.6693944124222e-14
"Ep.4.24h","MCW_RM_R_55","4","Epirubicin","24h","9.4","9",113.557813134043,5.96340877691268,30.1633104316085,37.3223781680685,30.3578988451154,-28.8176996141063,4.04658288195926,-7.33361705126161,-11.5385906896522,41.1024511132543,1.41212457695005,25.0599233238868,0.757134838961538,-15.32495048577,7.79497697077773,2.88162544671404,1.86036688318908,4.54748140984429,11.1290720236394,15.4204466992346,0.146939856852852,-14.2460218901941,6.16305149838398,4.74541650769336,-4.94425942347036,4.95905667888377,14.459162255238,-3.13532991547689,2.05610758993592,1.96392921851826,-3.18751047365429,-8.12941921352083,-2.44195663683728,-1.73425542417365,-5.9827434607979,-5.5584771560522,2.66702829204268,3.73604930596266,-7.04015227831303,-6.40879278739378,-3.76693949562,-2.80820264125487,3.51997248402646,-0.30223106955121,2.91614190416618,-5.46808786707624,-1.50418664887132,-5.58578702244297,3.52000930737789,-3.06977338518491,0.871316308457666,1.92511697530086,-1.73152729067109,-1.97165227700689,-1.38053949264272,-5.61386182689326,-2.42128025303501,2.07766943890966,-1.13671795534157,2.28096365697104,-7.942505840438,-2.72895523502761,-3.43166616093433,-4.93094350587058,0.565616951697282,-0.633881402003809,3.13641044764991,-0.807241387410798,-1.21565759748655,-0.335459741658111,-0.0113350415308364,-2.80792099641158e-13
"Mi.4.24h","MCW_RM_R_56","4","Mitoxantrone","24h","9.5","10",10.9529597698508,51.1345043129561,-11.5790257230603,31.8163647391303,-5.78616723931455,-12.0427147427215,-22.9190992909901,-19.723634575528,-39.8871599585882,-12.9582344005937,9.5543534668866,20.3859084791313,-21.5335404544911,5.83980959634737,3.41154895221582,7.00171268071127,6.82234091125384,-0.203455845049261,-1.1263940798605,10.3811851486749,4.76726081501736,-7.38039628597162,12.812214659548,1.25968979316433,4.45695062801312,-0.723034776437238,1.39516688975788,2.50142725098668,-1.74182063920081,0.116146346451097,3.48875351122376,2.49802247237054,6.55939092811233,0.634067155299542,6.24125820771791,0.155017752918228,0.508605262365564,2.81428050655956,4.73297835757839,-7.69978998395127,2.52924495344629,0.271390423775087,-3.89895389804789,2.2234379580132,2.83019999069828,5.18081256902892,-2.57784831720443,0.917410344748727,-3.57460851637621,-0.155705414051694,-4.88513023940539,1.29692214275582,0.0189679174382316,2.12303647620572,2.25080707282283,-1.32380887485613,1.67861161574676,-1.95987474022016,-0.682931284712233,7.53834434101984,-0.128154929385279,-1.11594240068599,-7.34143346237593,12.9416880015535,-1.80687379477134,-5.16013887158824,-3.36345511937731,2.31777050317947,1.65704051977198,-3.5882167670681,-1.32765185741757,-4.49431751580256e-14
"Tr.4.24h","MCW_RM_R_57","4","Trastuzumab","24h","9.8","11",-28.3446760760749,50.8414649858445,-12.7268383695721,-10.4541246979792,1.06011370165327,9.58965929413083,7.19990333752111,-7.26706175979761,-29.8342688691112,20.4654001947112,10.6449247635665,14.2394515553962,6.28526277276585,21.9087563370779,-4.01890897451642,-18.8907505309091,2.43715684319239,2.88866329648244,0.0886519386865896,2.42199076326747,-1.72741302870332,5.44169090699921,6.77348265770667,0.332255472036106,-1.77051243125971,-3.2347334370355,0.697824343580943,-0.606430295699821,3.8748357134907,4.61183293295591,4.68671644879033,0.78630089182262,2.97629583522525,3.51585867871278,-0.83952424696871,3.21089292068273,2.10516067106817,-1.2957659505081,-0.691416921578558,1.43193808282839,-0.753438515979469,2.75757298464681,-0.742601282674971,3.9699894587073,-4.04488651529442,5.18714018502914,-3.03289608550647,0.392593565218072,0.290655320363045,2.08306691165676,1.05404449263578,0.0445319730404814,2.58023162412423,1.84731490345933,-0.910120419895148,-0.968484593982173,-1.39054001237472,1.11567300174975,-3.26196580333729,-2.33965033973926,0.0747117327444781,2.21887801891699,-1.31087441475893,-1.24780188635204,-1.51945794510288,-4.9364601996404,6.36024113077521,2.64774239754848,-1.49392881604165,16.4262946852212,-4.74299871741171,-8.79116928993035e-14
"Ve.4.24h","MCW_RM_R_58","4","Vehicle","24h","9.5","12",-27.0449655561399,60.6720499491248,-5.07684495200781,2.72582151333816,-13.7364464837474,28.2069365309789,6.69064668465373,6.61872961591097,-30.4758966561318,6.18225032777541,4.95707854269644,13.5229201907528,0.0425369067989307,23.4388458075303,15.6066583782495,-26.6844323655174,5.83614376925519,1.20512145986075,-1.35239897360684,6.97805759525531,2.01238657383348,3.07537397020766,6.41199741390601,0.958536554153287,-1.78727539310301,0.237013042319272,-0.453674886779667,-0.868030729155275,8.90011992811978,4.96414718400098,6.16307521052643,-7.1654337674976,5.14899854911779,7.02406874396599,4.67732275717262,6.25093857723329,-1.87728112691839,-2.00586705250519,4.59833821188484,5.28372589165574,0.0924326005920791,-0.320931334161601,0.149599561542262,-1.50917653463454,0.840367118452337,1.24053166217414,-4.78375411036188,1.83063823946926,-0.266870985020247,2.12732305939633,-3.80709084982557,1.08031730868653,5.60073255948955,0.23496878552109,3.96426412448435,-8.98167953673741,2.52390269070071,2.93943530786315,1.8769318357364,-4.04866067726557,-0.0563838761464051,-1.79620146603566,2.11742754270196,-8.16571609227932,2.45956680619457,4.06506661693386,-2.87930905075698,-3.36677818691422,-0.719735514246988,-8.41335764706213,1.27520897882853,-8.57280521256772e-14
"Da.5.3h","MCW_RM_R_59","5","Daunorubicin","3h","9.6","1",-24.4956378283959,-8.37743417605708,-7.75880862331708,-64.1669737802317,58.1161000915326,8.09250449027438,-5.79260762625627,16.4306800431386,20.6308940713219,-9.57351463008794,9.19426353559609,1.61161609957078,-13.2731647583047,4.85703393883332,20.6327225066704,-1.50004317576127,-2.65120734130427,6.95673360351892,-5.82923920162696,0.14718003352312,2.48171613565006,3.04231220892399,9.26040277182441,-4.31533895146667,10.2008200917217,-8.58259608429009,-7.7099642917869,-2.9977091376485,-1.39787071258909,-5.25409673766848,-9.28330663684906,-16.6805693149199,7.98285869294438,-11.2021867413558,0.863956995934941,-7.71078015192603,7.91614101067701,2.86517258821979,-1.9998727077524,0.589172832483435,5.83080404847692,-4.7096969995398,-5.30925421455453,8.11078670906231,3.897702552325,-3.04771474949106,-1.80656946917459,2.43511593482229,-0.896508940971135,2.15337194971298,1.28289669201001,-7.10132089182492,2.23945604421214,2.82594566529736,-1.48384932145911,-0.0851524455791614,1.02634194476998,1.74548311068591,-0.120738334172184,0.099209076576033,-2.1111273057415,2.29426299597762,2.50762040488763,-1.60851613586351,-0.4682116821705,-1.89326976735773,0.0483502967106417,1.75748810690177,-0.162108819419994,0.207586311929381,0.777728018162285,-3.92768093439647e-14
"Do.5.3h","MCW_RM_R_60","5","Doxorubicin","3h","9.7","2",-25.1056787371642,2.61195938289808,-27.702827959078,-44.2455558094959,24.6458318753879,3.2187604003689,4.88685664035417,-4.93011541549498,-9.49910537621506,6.95003829726499,-7.87590347974297,-30.7463703014518,-15.3196418818552,-24.1654965808264,19.7124290037396,-13.912728326588,-3.47082607205851,10.6825900360884,3.59083308444129,8.85578148172745,12.6513859464059,-9.77485556713048,5.88538928782498,-2.95615433568523,4.29147813629232,-6.41615918717158,-0.66094237365258,5.07491564124859,-6.6318070793703,-8.99113653497142,10.4782700641847,-4.3930021878721,-12.1327632454724,5.70924733787245,0.902944276411604,3.35220983154906,-7.51842640121585,3.38317894964579,-4.57613109076013,2.55423311983298,3.28365129734751,-4.61912732646002,1.15093804609327,-4.46646202997961,-5.00954921480037,4.23687371942028,3.94485788102575,-7.91440095331235,-1.94399673664174,3.14649206575054,-2.39348898214986,-0.0328556328063416,-3.90717251237953,8.34598621117611,-0.783199863485096,-0.290869288829352,-0.751752721347683,-5.61219278972084,-2.98755363181673,-3.36760746126203,0.396954714593779,-0.993225698379907,-0.578335571351885,0.641847651394862,1.72074168643304,1.08921143991183,-0.560875955823022,-0.848225326398497,-0.105630911023517,1.10218270555383,0.0699397223787412,-6.9082252125794e-14
"Ep.5.3h","MCW_RM_R_61","5","Epirubicin","3h","9.6","3",-30.0721460616253,-11.3132066632466,-24.9799797477568,-54.5609978296514,69.2917830568186,-20.955227262962,-1.70455777939863,3.80207186878647,2.81099297560676,8.95949967492777,15.7732008871591,-1.58059605513326,4.3690921990811,-10.443308928999,-3.91469682604175,-15.4290692765587,6.97257523569536,6.22661118452358,-7.25776983173689,4.20895115772788,9.7344825442852,-8.28201291274951,-3.68296119547477,2.27263469748728,11.9708504208001,-15.5821022316011,-3.05853375515329,7.57382515580883,4.68227063252337,4.01623631071758,-8.8820384312642,11.0525913854039,2.12835268575612,2.45282704444598,-7.32952177777165,1.5297853361381,-3.36860013869143,-4.26664767224058,6.79021683563695,1.15991594161227,-8.10910956154742,4.53964735013761,4.33772898964121,-1.37894367076038,-3.68626082039479,0.0824599964889512,2.26549318935855,-2.05806494847615,-2.17543280170214,-1.10948505255983,1.39818357724769,-4.21605420671676,-0.46499109545135,-6.00666215679737,2.66625304657153,0.0243818501395497,-1.5410353859832,7.97889595231533,4.7711664797127,4.68795686827024,-2.61288844086123,-0.733814755711047,-2.9116836177748,0.926405637252276,3.09759276799602,0.658661061707708,-3.14751565539455,-1.42853718783482,0.127990418543022,0.313112836763979,-0.0766504521729261,1.2320026455178e-14
"Mi.5.3h","MCW_RM_R_62","5","Mitoxantrone","3h","9.9","4",-34.8811032881423,-12.0848771661498,-11.6797259691074,-41.5687895523875,48.36081990887,-14.981388358273,-8.02991314147387,16.2143341532598,9.202322511634,-9.79146887812027,6.10345694660135,6.77911292050279,-10.5213962654167,-13.4794223817223,12.7032996955863,1.6796966981775,20.2075695930979,-9.32490897568996,-5.81178098036573,21.2433245678886,-4.51297395230014,18.0504004040303,-4.85623017972977,-7.37823431156249,-2.33790253500432,-1.15987386670129,1.19060968063714,8.07466871212885,5.42647376643661,-1.461710207476,-4.22196910755271,7.89864001480052,2.0956442201318,-0.906170101143106,-2.53817834509984,0.427090898179483,0.786098885898225,3.02324721112349,-0.951554466740889,0.221355911165615,-3.20621471771668,-0.481617386930201,6.28408291001582,4.00499289899597,2.72665747520074,-1.77991223015974,-0.640078851771163,4.15352363879952,4.07749831544411,-4.46903541393212,-3.09255967018877,10.9564674515856,1.91099424110329,-2.27018678893047,-4.57973476363905,-2.2868793980781,2.55678950641017,-9.61927332649345,-3.22591516595371,-5.70035304696293,4.72654810866782,-2.19289799960757,0.518224225371743,0.690086489290149,-1.45220022816206,-0.78006715044088,2.34990212919305,-0.850207987620957,1.93530399227513,-0.775751955272227,-0.672879817682269,-5.66677848851289e-14
"Tr.5.3h","MCW_RM_R_63","5","Trastuzumab","3h","9.6","5",-40.678963885688,-15.4672635385967,-46.587966517146,-38.9949738328057,24.6335920754033,-2.27984829366941,-22.9211491645208,21.5300783528085,3.12515445377129,12.0238647721545,3.12019251404016,20.8778629633293,8.6969947419551,-18.2362446692337,10.3462499981664,5.17334739737667,6.76335053844181,16.319798498137,-15.7080521735454,-7.82826876262181,8.73910944033498,2.95681563684841,2.93579823318868,1.16488217803612,-15.3022353077164,14.0347060191093,-4.15297159481178,-6.96539657554967,-5.29148588869792,11.5315428020259,-5.21955139701207,10.0445239274334,2.79832384695917,3.45495884982333,17.4271887188894,-7.17814151893474,-3.03667615966386,0.395648491544678,-4.75114832023669,-0.964674318332831,-0.269915184236931,-5.13364547482884,-2.41538561899376,-4.88260174515569,-4.2559145791561,2.5581240143408,0.828125331659903,-0.257840596394207,2.40861808831698,2.01738095593899,1.78513508467008,-0.948471431552498,0.088562300923746,-0.991993765445775,1.35497068756938,-0.80332713883181,-4.02519015973744,0.313290042212825,1.10020720982891,-1.2362631177533,-2.14263202730093,1.64379266323804,1.03321104199539,0.560396386011331,-2.18806793643828,0.816517421344073,0.356835965632657,0.997748449849982,-1.88149751455992,-0.41344073449067,0.436679285955271,-9.53593351201223e-14
"Ve.5.3h","MCW_RM_R_64","5","Vehicle","3h","10","6",-37.4618476236117,-7.48199441464515,-55.864318765499,-68.1768392798308,7.58538857771581,-15.0948869886221,-12.6623863704807,38.5698571511497,-23.7768389204043,-8.40595022055694,-27.9341243356234,19.7079518819169,22.3793651099787,-6.40245985852113,-15.1885572436971,32.259346822182,-20.2279222412797,7.96728278826947,-17.2065328928021,-5.72471889469908,-2.40927527707938,2.2614896962666,7.12743182414356,-6.97989628047061,11.1273247195139,8.54214279165108,13.8258010121839,1.48242742238469,5.10490709204504,-3.44938100259661,13.8807078159423,-3.29968339278096,6.92687113265495,4.56817754201234,-9.84758032862702,1.38597844655696,-1.40089790051867,0.295750794369813,0.0271245131009856,2.11582150639607,1.16277861727676,1.24531803133192,0.0860602689085824,-2.58562774344199,4.57550718967995,0.720433249709814,-0.444514356683536,-2.49258074741266,0.379003287046502,0.871875737877052,-0.890964310650514,-0.44923224183391,0.84243360590742,-2.44235313745814,0.20832062650249,1.74816817278102,1.19366148403744,0.863880439789977,-1.09055175048012,-0.282933345402391,0.159365737229069,0.0928049783361,0.405373782359147,-0.883255247589767,-0.274313842552734,-0.205925843388379,-0.109484401938487,-0.241864660850993,0.495145733229867,-0.369746832864741,0.0826778837462022,-6.95938735784628e-14
"Da.5.24h","MCW_RM_R_65","5","Daunorubicin","24h","8.3","7",95.1260545588489,-31.5525994939451,-49.913984212876,-44.3302762803135,11.7470659528736,-13.9080588657132,-7.89461068431658,41.955605731419,-14.7439129650964,-33.014818347487,-46.166631795275,2.37341842178352,31.8585604179607,40.9811358997663,-6.1337819414822,10.6428126807857,-13.8832665827282,-7.2954335001678,20.9646124709229,19.653637524513,4.72188977487773,-12.3812294214335,-4.28742519078325,0.152927514919956,-8.56355661399511,-7.88897366869414,-7.61461001861457,-1.00940743248018,-3.1105082171726,4.33355051114333,-5.94553514822882,1.29082116663275,-7.89620540439924,-2.79269335335175,6.46495413290736,2.20267380687161,1.66138792449605,-1.18108763134449,0.274066089464126,-1.03292208211383,-1.72491325285663,-0.943890734146275,1.69829225479633,2.53767888060456,-1.25270261785042,-1.56814750459054,-0.559857487330479,-1.00682703719568,-1.30184675345547,1.26363180936845,-1.24149646763199,1.43332075263772,0.265198717026117,0.56207488786257,0.284524179161926,-0.665564320127101,0.265269063308056,-0.631322851966231,-0.389739749406425,-0.542252340749754,-0.648133369822898,0.152969177666774,-0.892977064701652,0.27501364243723,-0.215216529468202,0.237292356109371,0.11494799495533,0.316993594374237,0.737258350099852,0.00107517898387461,0.0856311194856635,-4.86788615059602e-14
"Do.5.24h","MCW_RM_R_66","5","Doxorubicin","24h","8.4","8",91.8891950491565,-35.4768173577582,-42.1160731764511,12.5730667105095,27.4857316885269,-19.5088683962119,-18.5821758333991,6.11436185915893,12.5012258322408,7.77990963419948,-10.8710268393167,-13.6661001956626,9.84464829501535,5.20818887077864,31.1920839938598,-9.49953357518041,10.6384362400493,1.8218934897669,12.0422148380421,-7.19515903702651,-4.13666363247692,-7.43932495708806,-7.94061869448219,9.73461306988462,-9.81112928477803,6.04112705509481,-4.6211116019186,-1.80931764714094,-2.16333721456913,0.00274708597400857,1.05048083305226,4.60229190696575,6.31052601977065,6.77868090193304,-14.6595473601997,-1.08755993021605,-5.30472142649737,7.09951512794411,-4.59278056940351,2.93698711578682,6.1925808296303,5.77335926550844,-6.51522940890916,-0.0634021630168652,7.71768609833386,7.27306766931685,-6.41467203369119,4.20638017543009,-1.84667777826551,-5.09148539632739,0.209231704370509,-0.723010731806054,0.187415871213995,2.04130603114051,1.85758229361165,4.73118135681405,1.25363187085356,1.91465548641868,1.17891175394171,0.117032622709422,2.65598421055231,1.47687693001481,0.498281438786674,0.254751244182825,0.900940038394327,-0.181152960952684,-0.892627733191382,-0.0164123737968197,-0.285690899860285,0.0206655174641523,-0.00732366244528911,-1.39393515176736e-13
"Ep.5.24h","MCW_RM_R_67","5","Epirubicin","24h","9.4","9",75.8127824803011,-11.3476634862732,-69.4271023713062,-11.5474524996248,18.0901176173154,-12.6018117348941,-14.7470371258278,-13.6799613839808,-8.75276319177003,-9.20373947079725,-21.3991251027828,-28.5235600060395,-17.4674729634835,11.8309933523925,1.60169098371205,-16.0187772934425,12.9135437130273,-3.16056181994396,1.71835237118793,-13.3656148677652,-25.2432025855081,-5.13635273967101,-6.0686577969432,4.94966271774745,-0.201627864157626,8.60124739667988,-4.82322208176317,4.44134112988134,4.18648849719934,-5.20293852642872,6.39240807254441,-1.17708919924702,11.3927598344152,-4.969090128661,1.94869539307777,-5.07473687544142,2.28274383181303,-2.93020416997147,7.78256129773867,-10.4800780919146,0.0901437705237829,0.068361006558429,2.80801388465254,-5.4211034730232,-3.71127297255354,-2.97482661880827,6.33364124799379,-4.37814829392627,1.16021716100764,6.55265637842221,2.8143205226639,0.113869803082932,-0.387203727335915,-2.74932902087133,-2.60281960733674,-2.87573776001567,-1.05640134820397,-1.65171396590098,-3.39858646519441,-0.371748118122043,-1.7028888674449,-2.34941518536165,-0.331242442914165,-1.22385678562041,0.233591606930714,0.863093773602586,0.993551036437878,0.250871331580824,-0.407044449391007,0.407105501619285,0.111353150525507,-1.41499550791735e-13
"Mi.5.24h","MCW_RM_R_68","5","Mitoxantrone","24h","9.7","10",15.8004883156223,-1.44265612007221,-63.5983381943052,-17.3213954514961,2.98416148005012,-24.9570064488176,-40.1409075416403,-21.3340932188228,-22.3308722037548,-2.67855070072784,28.1261594297752,-14.565785426255,-26.6753104713517,-15.8067227723817,-10.1983158863971,11.7094016203836,-5.98181900554556,-19.0596869398132,5.27462014221286,-4.30797012171088,1.12668938607753,-9.1272470411554,-13.4598143872309,8.39121931793106,2.30875512893161,7.58481726220998,-3.15712488230215,-11.7746266693691,-4.22355314152042,3.21517098593135,8.11841983953607,-5.63239580906806,-3.58990883098828,-1.17215886215946,-0.438742137499875,2.13212483096831,2.40126389816092,-1.52173726178413,0.905012704021596,12.3072342743326,-3.57162567414612,-6.391645392702,8.33824933741311,7.9467264434373,-3.5646895652874,1.08848080659731,-1.87037946302398,4.90581684425779,3.72328880766799,-1.49264680411912,-0.236713902316508,0.175934787953792,3.52171234729881,-0.172349988994199,-0.778364415137912,-1.22022874125587,0.168441907682176,3.09117864369212,3.75617385293699,-1.14972307223719,-1.36799118393335,0.971688839483875,-0.0137767752586281,0.793762705551756,-1.46226771786606,-2.34657851236878,-0.0347726405907673,-0.811569542363228,0.315563720391328,-0.394744248934307,-0.540806855977111,-7.08590561985904e-14
"Tr.5.24h","MCW_RM_R_69","5","Trastuzumab","24h","10","11",-39.5118218809369,-10.9288649758618,-56.5522848966349,-48.8168148178154,0.178379052952807,16.1155296616931,-10.5537422411104,-18.175848140022,7.07513273957132,47.5514256823853,2.47559774833852,-12.3844507724083,-10.9368206221162,8.83237617069574,2.92883134664467,4.77905731458879,7.2554508229207,-5.5280289485634,5.62493944821436,4.68009389625463,1.94381742617032,6.23171873689086,0.563851559009879,0.940141524516705,0.76850892487473,-0.0622429278115298,7.0099779434998,2.75628365084544,-2.45010803219507,1.38390806156677,1.49819393467468,-4.90055538613885,-9.57229359904791,-0.641046042415977,5.28651580959249,8.37266517645366,6.34455535495163,-7.48364525263458,-2.6142552294824,-6.89823066475328,-0.204615500993406,5.05576216577597,-4.07168975316219,-1.16933428726764,1.56908197257782,0.570184133391816,-1.98049067921193,-1.94767224191516,5.65449209086336,-3.34826891491287,3.6541497428159,1.6444291565128,2.93221909476841,-4.44515382924763,0.125406576704744,5.78539217603187,2.01998927468772,2.02803832111142,-5.81002106960882,8.91579656823431,6.1972317058064,7.6631742961179,2.77953702007327,-0.74395762061475,-0.452230956440793,2.56252082174318,-1.04577812039718,0.699535848220358,-3.04576327608032,-2.57010413761919,1.1755110477129,-3.2622532062862e-14
"Ve.5.24h","MCW_RM_R_70","5","Vehicle","24h","10","12",-35.7788818747304,-4.53313618312983,-53.1278766304477,-48.9348899380882,-24.2369642987339,21.5987490164337,-9.5118422562946,-1.06112199564104,-1.97872318437637,37.6828927774598,-13.9018232075061,-17.597787885256,-20.7898964070712,6.57599004106647,1.31332082825589,15.3265322408755,3.89972263821775,-6.88445769621023,-0.751821919632009,-8.17525305054037,1.9893527407498,15.5942946725122,-6.9438379921813,1.19105084612192,-5.13175129507788,-1.38496262314093,9.9986082873032,-5.18225403888667,6.13757769672396,-1.29826067383466,-6.19230191005537,0.0540155498540172,-7.79862120735809,-1.06363101231314,1.24343273332579,0.822901555497545,-1.00302620096161,1.15949256237748,3.14691606577492,-1.86360427497511,0.840748412100805,4.67432500609794,-5.85281865195675,-1.16886170999913,1.84534786808202,-7.57436252183284,0.395206086475467,5.572785352258,-9.71399886703293,-1.39805460266479,-3.84214255987361,-1.04035456062107,-6.71091060144971,5.03621575058852,3.46424211198866,-4.09646816663172,-0.856950575547474,0.34909260253123,6.16819382356641,-0.884630917125467,-3.7914165879675,-7.94294478806984,-2.76693901749866,-0.212851290237553,0.572748455383215,-0.742497992476837,1.6826275570315,-0.128595458722709,2.60885656175846,1.9840576412776,-0.985678445078502,-7.50769516271333e-14
"Da.6.3h","MCW_RM_R_71","6","Daunorubicin","3h","9.6","1",-40.1653934767603,-1.67611800767031,39.4313181016554,14.6968309848304,25.9987037514115,-3.98915708973396,-9.22611620399439,29.2232727734807,20.0857471379982,1.20061664305518,10.1559143310221,-20.5573145009194,-4.71207238826708,0.327091618132747,-8.28787883688907,-0.0251939334812556,-19.4845040094939,-2.60794315740628,-2.75649205181928,3.39933415216994,-2.38053760396815,2.41967942874198,-1.0036803410295,1.6785071241019,-4.5596104846714,-4.11924861694572,6.04171430369976,-13.1549952619301,-3.42204059314533,0.0348894804238635,-2.42418011627432,-0.505746348884723,6.12055863135254,-1.27545423612843,-2.87857370713549,0.341267458185762,0.0167254783858926,-1.84320944577111,8.05360555080921,-1.95586833599132,-7.03639351953088,-1.93574983610384,-3.93560561226621,1.00424710393615,-1.77681470590187,8.33131203653353,-1.82929538961623,3.32491516673014,-3.49823372047695,0.276729378088061,1.71760336725408,2.42866946513199,-3.92618575818748,3.43208713741234,0.24202171859483,0.177144847826764,-0.638024674370617,-1.48485516782173,-9.82399747266091,0.123569864030472,0.351614624311004,-3.53300598638737,-4.69476887793308,-0.140918884695087,-3.8222644389374,4.90435929812115,-0.816892873623842,-6.55660138288766,-10.5050843077668,-0.494847265060836,0.816998427284178,-6.79698674730875e-14
"Do.6.3h","MCW_RM_R_72","6","Doxorubicin","3h","9.6","2",-46.069623202683,7.67613289413865,11.6034550003798,20.5494540842915,4.81538173275266,18.7587524311325,-9.60718937558969,33.2841659667649,21.9291265539853,10.1473370773382,5.28841078778435,-17.7123337683904,-3.44155437830049,-7.28832488581272,-2.4951403354942,-1.96909095719957,-12.8097653328923,-3.51604707226692,5.95941346201305,-5.57562697311336,0.306430174855343,-3.68223349706232,12.0803345834708,9.99353851030435,-9.92181702654168,-7.80553682139275,5.68080323131973,-0.00835346564275366,2.7774910665658,9.40385694957276,0.727055838545495,6.06001947771819,6.45576151622873,0.473043000015046,0.0652958962928118,3.71981688020017,4.69132938031955,2.82950562419222,5.37527722763221,4.36931437294978,0.0996007229894604,1.49951504198766,4.72023547365534,-1.09983797903335,6.64838881835664,0.567427713251144,6.38489306007639,-1.74453382938273,7.75940478496897,5.86400017085955,-1.30212100553094,0.919979884553985,-3.8834725711455,7.0020057950697,-4.63225662425786,-1.26654044665454,8.56100171745555,-4.06131171549083,5.18873045111308,7.23971746567124,-2.01150859661334,2.60246295834077,3.44453656284581,-1.06425289253474,0.28226622653664,0.241696381147133,1.69628208680124,4.4584756759974,3.48599701671852,0.502191371561612,1.58457264458826,-5.76240986351062e-14
"Ep.6.3h","MCW_RM_R_73","6","Epirubicin","3h","9.7","3",-44.7784280989108,10.9452403696968,25.8719902403555,29.1821263731975,3.4695457284366,14.7220764811029,-3.11285160485532,21.8913749704302,12.4716823083227,15.3170345725145,-5.13212267453512,-30.5712339311155,-11.1081884847528,-9.03749557602042,-2.13043189312934,8.62815401302369,-13.8852129022061,-6.13803161929103,7.86131928179433,3.16107787019767,-4.65604449603654,-13.5132296468649,10.1267740782253,3.2694281840286,6.13537710343978,-3.46937339564783,-0.239396801288912,3.07346222824286,3.27059079887953,5.95158995110057,2.21477003704443,4.35119691373467,2.69072845223133,1.20577601366473,4.22981163329618,-0.300274160781037,3.20697376045156,3.59627528980934,0.310070212472532,1.54310302996791,4.67618354006762,-4.273947315096,-3.46877305918327,-8.94804927459336,-2.35881729317535,-3.99538722361011,-2.49670840408365,2.38550106789138,-11.5671602882694,-8.29008719881996,2.34119875959457,1.90361483532563,3.11759403543554,-10.8376903468841,-3.97581562896282,-4.93851225406477,-0.648009137380923,-0.379258678239697,0.213029755511558,-5.84810739496541,2.08213703974105,5.19768317985186,2.54887965411319,0.293476876020836,-0.239508186966285,-4.27741807887792,-1.12571399483342,1.89859729230033,-1.03723308150184,1.00397171493309,-0.612290529958602,-2.64358305211709e-15
"Mi.6.3h","MCW_RM_R_74","6","Mitoxantrone","3h","9.5","4",-45.499954047312,7.82803300390066,26.0414365681821,23.8019459975662,14.7890570435051,9.59662051886838,-10.3749366444025,44.2190837975623,15.4757756570578,-7.69666465228102,11.3521331447173,-5.80061250673121,-4.02753695858463,-12.9560139141311,-3.43106979317116,-5.26762597173343,-2.29041304770081,-20.8158833217182,4.82768093171793,12.610907207541,-18.6867923593636,5.91998349673034,-2.3469256231149,-2.67991480891068,3.59580251747153,5.36152878376074,2.37558341275697,-4.4145823031222,-0.00375477959260912,-2.36352966863998,1.68441277267668,1.8763077668171,-6.16596761339632,3.29308737976699,-2.20411509947233,-4.7408372414689,-5.5334615106417,-1.61765183032029,-3.55789982308971,-2.86802673744829,-4.70432402483754,5.93223637929757,-8.42224148279508,4.62919912037643,-3.64326025679708,0.109670698358785,-6.68425285647288,-6.77853106929652,-0.560773287257402,11.0520962169914,-5.43548352224229,-2.43871873913873,4.89360958554111,-1.10393753028755,2.09930377582416,-1.68829823385001,-6.60931041680871,-0.9705263567052,5.16119406945832,1.68362258939507,-1.00676720837878,3.5240355979594,3.29778186085458,2.92838017609234,2.80848217585519,-0.0517704803625181,1.39674398924433,2.74615315478931,0.734455525734038,-0.754392308745331,1.90087451672464,4.25617589674791e-14
"Tr.6.3h","MCW_RM_R_75","6","Trastuzumab","3h","9.8","5",-54.3942004522348,5.16861034521827,3.54883769910273,31.5701715646097,10.3578433511618,26.9763094499215,-13.7936417541842,35.6565122170006,9.69030178722307,12.7442642640102,11.5880399521858,2.46463741505456,7.39646416236898,-10.6924813552593,-6.86578370254772,-5.20600281267208,-5.77910610054368,0.0286618952031315,-4.08411133217205,-1.68669707726762,-4.72872529442515,-9.01132477792581,2.26182116253152,1.63970352429228,-0.829390938408708,11.8811859065242,-9.62236502624691,1.77788470833945,-4.29503051598916,2.12384107616638,-2.64506184526213,-4.12870535625456,-2.11544922914436,-3.73414193158719,3.89537379656525,2.85424627132158,2.17243223939783,-2.27635360503909,0.43908794331579,-0.871899681209837,0.111156025117027,1.19757896844814,-1.18584708530133,1.05262287889937,2.48755468432399,-2.25346250996434,-0.170083387871338,-2.3742083330588,0.00846723074819217,-1.40190644057264,-1.30826910795923,-1.88216192106317,1.23213898336781,-0.914121377201058,0.969438254649209,5.55965044185785,3.80962513828866,-1.60237561473699,-3.19293051076933,1.13077963377964,4.1428858182814,-6.05516234703651,-3.958451753926,-1.51895144056872,9.25884465993342,-1.75959086113735,0.124632955211493,-10.2784933766506,8.14231798993671,1.28960098936009,-7.86652744143772,-4.46907999973253e-14
"Ve.6.3h","MCW_RM_R_76","6","Vehicle","3h","9.5","6",-52.5842546187998,15.3396033795151,5.5188169264739,24.8137842258403,4.47872811332319,24.715005596802,-6.68033107776444,43.566376804499,4.74683008973757,-0.0517298528451856,7.45150486254456,-4.90623299796726,9.09570452310677,-3.69198097123496,-8.50941384252689,-15.0672151328116,-6.07208182055128,-5.89301354798285,-6.4383144249972,4.67562290892374,-7.34512307104836,-2.81988350459344,-3.32079417735073,11.6503070366432,5.80673326824761,5.84576921752486,-3.68003242371553,9.40218817062297,2.85464374703905,-3.61025258168769,-4.42844820906886,-7.44183012579722,-3.23204218106914,2.23374685088863,2.56215387740528,2.98086546285426,0.871559275987286,-2.66003324908035,-4.10222725491173,-3.40125671353896,1.39564664027952,2.32973747659485,3.98868379757875,-3.80148307277047,2.23102347719733,0.473591327453526,3.77889473099729,2.23808998371771,6.25960888477426,-6.10343463036419,-0.934479364170438,-0.268541440766448,-1.64766200526161,5.33219702297466,4.64099639791821,3.68962872470256,-2.83385761512626,7.00898158028929,0.393861672868743,-6.48064663796867,1.34468525546068,-4.72242470317482,-5.16993373054098,1.0382812838301,-9.0201480753799,-2.62361805928026,-0.596738952153115,8.48794251422138,-1.06918237299622,-1.42123382409915,2.19997916468605,9.6826938285853e-14
"Da.6.24h","MCW_RM_R_77","6","Daunorubicin","24h","9.8","7",92.6094539635677,-16.3875196955553,-9.60998949989576,33.4249386718428,12.7010769843118,-8.3503806818523,-10.5250422106054,17.3180560477578,7.32546102712222,-0.612849224303131,-5.60804334493801,-16.7008071485597,-4.92887452316622,11.1026704404701,-25.7677014244819,-18.8421729662078,-1.73727615475887,5.05628562909371,4.53057216892461,-9.81953523480722,12.1065197760009,26.2962886785799,4.16522684482573,-4.9440114278581,-0.757611908361248,-0.45100961124204,-1.60686318955193,-2.03693512272772,-6.59372461278405,-2.92874350368945,-3.83638604234318,-2.96510903738656,-3.05178835745578,2.10280773188886,-2.12539295430015,0.701108636744457,-4.06669125733644,2.85459438990806,1.56169303656757,3.92192236499494,5.32028818892541,-0.987098202068178,6.05023012797415,-8.00680646643755,2.01948492977745,-2.32064586003433,-8.02304663260348,-3.99603452314601,5.96646555193482,-3.93023695369675,-0.8184681412873,-7.91633885822538,5.05421342979175,-4.99900758756511,-1.06936700071635,-5.0320256518015,-0.635125003174454,-3.93607125415551,-1.6210678019705,3.61467447674177,-2.64927621044747,-2.0631262381985,-1.31214391483711,4.91628271417258,-3.26444037397631,-1.27452405919768,0.901656902913068,-1.95239119589162,0.339940015727802,0.0721297911601217,0.105291815013586,-1.28063643131844e-13
"Do.6.24h","MCW_RM_R_78","6","Doxorubicin","24h","8.6","8",38.1692489009741,-16.4157670972818,-7.00242727957974,79.6976465220174,11.0089438218117,-24.4446304103029,-32.4505351516982,-5.66063988696512,-1.86389667457167,3.32151512323289,-23.2232076220454,-22.4131643315108,-2.51155856324581,-4.92179867393611,-15.8732630137612,2.22984699060973,11.1482906530523,18.3208361204194,-3.92041401609701,-10.0302477207616,-4.42858784380242,1.20411031166764,0.172730420858612,-24.072082927466,5.83787988178515,-3.03745237776999,-6.18573794575358,-0.60333327708487,-0.252871951296667,5.39027487447363,-1.98957425918568,-2.86816876573887,1.28750586862022,5.3100931757986,2.52237207300163,10.06850648254,8.45789147831196,11.1254287333145,-4.88538630919732,-1.20664069214881,-11.518193625401,-0.0885343711553953,-3.83490492320055,4.4958437741264,0.00493436524611057,-1.54853106439323,1.26449765502207,-1.65474344559461,-0.267913942401353,-0.477834068694965,-0.0916877648722442,3.96340169422028,0.233079271369543,4.04164926111749,3.54905984475303,-0.774995547405624,0.396560308207755,3.06425070053748,1.47999204612898,-1.62644556110836,1.06349674539814,0.592337855513006,1.22051003832872,-1.04561011594672,0.673801235996035,2.03815055817717,-1.83760285560384,2.13637156657063,0.0341128950692681,0.425788250266668,0.255129457279268,-6.00824254172634e-14
"Ep.6.24h","MCW_RM_R_79","6","Epirubicin","24h","8.9","9",33.9313723826249,-11.3395606192094,3.33094026411543,72.270829824609,13.2156372454157,-14.5900106089485,-32.6557952171344,14.3160783186841,12.2273828984422,-13.1833731437351,-15.3144216354943,-4.08317488484654,0.387549333570106,6.53697599720131,0.746476391302503,-11.4653487575983,15.8260815521225,18.5063235282538,3.34041521897752,-2.48798472158047,1.03924458829776,-6.11962689437506,-4.46570251716845,-8.47931077066892,8.04356482248266,-1.07115835888628,23.2251391151804,4.13320122338126,5.30022061976243,4.58419091351108,0.586774148124542,-2.19778524572033,-7.35586273339645,-6.59394416245735,6.77714474294365,-11.9999275450897,-2.48843264727253,-11.9457124011274,1.7961750496242,9.74377414390611,4.06802938671959,2.77059929426125,0.644713129335767,1.30941139936989,-0.401822798698503,3.5494076173304,1.84486922267542,6.17516070882461,-0.464714206872586,0.829790486702154,-0.0338090100846133,0.324512799160348,-0.633622558044896,1.16761662524548,-0.951229983569946,2.84464232328764,0.146709831758467,-0.828568366950788,0.113192086374116,-0.90354129922618,1.77409072666063,1.59422987485709,-0.175426930081852,0.13748955454761,1.25822737595993,-1.10774321809371,0.328263604748521,-0.565676395492028,0.115869349167092,0.04773566970062,-0.371516545796337,-3.30111914366438e-14
"Mi.6.24h","MCW_RM_R_80","6","Mitoxantrone","24h","9.1","10",-14.2344335636065,-1.42289958057599,-13.9775397011932,61.8376982827439,-9.61205166628867,5.9632173469895,-46.2538745238415,13.9184647798148,6.66098736468213,-25.9526027334568,12.0596739972986,10.0737438404048,-9.39783367673991,5.10370719849006,-3.8430135296629,0.410046852613612,2.82969857879005,8.37115439201627,-12.1894657376031,7.27657425641264,16.2074723993345,2.48176334969662,-3.82779667886236,4.07017274866067,-12.6784951146157,-3.54621023635211,2.16151153169862,2.12515507927107,1.54210541433867,-5.98792972960006,4.66419774356933,-0.909258260914028,-3.31411473907218,-1.7021649160617,-6.98509460296318,5.90939835243346,-0.368744245806064,0.695775906558644,7.4488757649698,-11.1015192167084,8.1163606214047,-6.58581557715883,-5.17595337581841,4.43628722330222,-7.49457446416804,0.373602345044868,1.01881698652381,-3.53938371612246,-0.104330562107105,-3.03836578754866,-0.80939991350026,1.98338685781194,-0.2158861194095,-3.88858741246733,-5.63618812950056,5.28732019057206,-0.834754005172042,3.02043829989653,7.21975880482173,-0.760540702619649,-0.935232205862055,-0.692461092921661,3.90546709834087,-4.94275415986748,-1.72742107903505,1.40346558845693,0.875905159337149,-0.847224476905553,0.764900672847393,1.30399165868693,0.548040649597808,-3.60271505011646e-14
"Tr.6.24h","MCW_RM_R_81","6","Trastuzumab","24h","9.3","11",-48.1296544236629,-0.595762102739586,-8.25060143580651,28.347191077327,-31.1628929529949,53.81327840031,-15.0515642422132,-6.86672426045322,20.9935324038148,37.3054829992749,-15.8347051233743,-4.95177412291356,-14.5969510404492,22.0645531280302,-14.0979815514638,19.8765931546325,14.5523225618504,-6.68611141896232,-0.424824512804949,6.26683717064631,16.8021560947247,-10.0616884508706,11.0865573146992,-8.62517068765506,-4.53977329311501,0.0565771024032516,-10.5361999797018,4.71219066325434,-4.58269475563789,-8.34833475358297,5.05146603960801,5.97719988756935,7.92655393049319,-3.08761049644414,-5.90404607151368,-10.3196460754534,-1.1045516619743,-6.70383626828294,-5.67230305872455,1.92711203567489,-6.61020149296566,2.30880001571855,5.49631636263013,1.17634168632903,2.86671134850222,2.39608968174115,-1.42178497758191,0.202754051570343,1.40704457456851,2.15887166444943,-3.35797785621858,-2.63564872908623,-1.52084776408407,0.555433384479224,-3.63574370989382,-0.160196600024233,-3.59974399242448,2.2116701466278,-0.0875865792262192,-3.7661325658434,0.0156765351214236,-1.27540744885159,1.10286543031537,-0.496407193218085,-1.28995786477474,1.15593680625008,-1.10489183824901,-0.820286087449974,-0.596442514397752,-0.816733017405827,0.375626812971683,-5.21870144754716e-14
"Ve.6.24h","MCW_RM_R_82","6","Vehicle","24h","9.6","12",-50.6359642938755,3.69342219936515,1.77837800357815,27.625993018034,-6.05027668609088,22.6084522769445,-11.5183989859163,26.7205402297053,8.9168406640957,9.51634960527116,0.193840098531716,9.39711061904859,3.6441243117652,16.9695769320158,-17.6401610843403,-4.32769155668185,10.4049913853034,-0.320019827143626,-9.78859256515047,4.01298495662208,0.921814275037437,0.251231610426218,-8.45187997525301,9.04425695695903,5.62482198772539,-0.0478128266265669,-2.89015570190478,-1.60030641885234,2.77914739414993,-7.34862161548526,3.79834868973759,3.05420589507152,-0.712914802271754,1.98783054861051,-2.11408633122609,0.488850201854508,-6.74831977661059,6.40607563716108,-9.14892038540431,-0.0375588828053175,5.66537525521472,-5.20097623611909,5.15019612136496,5.04451239067359,-2.90936518265871,-4.84026942810232,4.34694625258975,6.92827016200884,-3.73245900487157,2.56896992271119,10.8821250092236,3.01289995536923,-2.48827226589963,0.106402487971733,8.17270852055359,-3.74663583249306,2.82966455867865,-3.36617710841553,-5.12790213502023,6.46434064783239,-4.24755183018218,5.58936590871067,-0.712876767920328,0.602191218715372,4.31519195682595,1.21763897251014,0.306095110553546,0.631304431001912,-0.44143448177187,-0.811612316254594,0.62355286721038,2.19532779541926e-14
